##,GEXFLOW_SPX,zero_gamma,call_wall,put_wall,signal,signal_prob,vix,regime,dex_bias,daily_sigma,fat_tail_up,fat_tail_dn
20260803 185308,7573.39,7600.00,7569.92,ESPERAR,0,,ALINEADO,BEARISH_SQUEEZE_RISK,,,
20260803 185508,7585.26,7610.00,7585.00,ESPERAR,0,,ALINEADO,BEARISH_SQUEEZE_RISK,,,
20260803 185708,7586.61,7600.00,7585.00,ESPERAR,0,,ALINEADO,BEARISH_SQUEEZE_RISK,,,
20260803 185908,7586.61,7610.00,7584.49,ESPERAR,0,,ALINEADO,BEARISH_SQUEEZE_RISK,,,
20260803 190108,7585.83,7600.00,7581.20,ESPERAR,0,,ALINEADO,BEARISH_SQUEEZE_RISK,,,
20260803 190308,7591.61,7610.00,7590.00,ESPERAR,0,,ALINEADO,BEARISH_SQUEEZE_RISK,,,
20260803 190508,7587.50,7610.00,7585.00,ESPERAR,0,,ALINEADO,BEARISH_SQUEEZE_RISK,,,
20260803 190708,7575.26,7610.00,7570.00,ESPERAR,0,,ALINEADO,BEARISH_SQUEEZE_RISK,,,
20260803 190908,7591.20,7610.00,7585.08,ESPERAR,0,,ALINEADO,BEARISH_SQUEEZE_RISK,,,
20260803 191108,7590.83,7610.00,7580.00,ESPERAR,0,,ALINEADO,BEARISH_SQUEEZE_RISK,,,
20260803 191308,7577.50,7610.00,7575.00,ESPERAR,0,,ALINEADO,BEARISH_SQUEEZE_RISK,,,
20260803 191508,7580.83,7610.00,7565.00,ESPERAR,0,,ALINEADO,BEARISH_SQUEEZE_RISK,,,
20260803 191708,7585.83,7610.00,7585.00,ESPERAR,0,,ALINEADO,BEARISH_SQUEEZE_RISK,,,
20260803 191908,7587.50,7610.00,7585.00,ESPERAR,0,,ALINEADO,BEARISH_SQUEEZE_RISK,,,
20260803 192108,7569.49,7610.00,7559.92,ESPERAR,0,,ALINEADO,BEARISH_SQUEEZE_RISK,,,
20260803 192308,7566.20,7610.00,7560.00,ESPERAR,0,,ALINEADO,BEARISH_SQUEEZE_RISK,,,
20260803 192508,7571.61,7610.00,7570.00,ESPERAR,0,,ALINEADO,BEARISH_SQUEEZE_RISK,,,
20260803 192708,7586.61,7610.00,7585.00,ESPERAR,0,,ALINEADO,BEARISH_SQUEEZE_RISK,,,
20260803 192908,7590.08,7610.00,7585.00,ESPERAR,0,,ALINEADO,BEARISH_SQUEEZE_RISK,,,
20260803 193108,7585.83,7610.00,7584.92,ESPERAR,0,,ALINEADO,BEARISH_SQUEEZE_RISK,,,
20260803 193309,7571.61,7610.00,7570.00,ESPERAR,0,,ALINEADO,BEARISH_SQUEEZE_RISK,,,
20260803 193509,7590.51,7610.00,7585.00,ESPERAR,0,,ALINEADO,BEARISH_SQUEEZE_RISK,,,
20260803 193709,7592.05,7610.00,7590.00,ESPERAR,0,,ALINEADO,BEARISH_SQUEEZE_RISK,,,
20260803 193909,7586.61,7610.00,7585.00,ESPERAR,0,,ALINEADO,BEARISH_SQUEEZE_RISK,,,
20260803 194109,7582.50,7610.00,7580.00,ESPERAR,0,,ALINEADO,BEARISH_SQUEEZE_RISK,,,
20260803 194309,7589.74,7610.00,7585.00,ESPERAR,0,,ALINEADO,BULLISH_SQUEEZE_RISK,,,
20260803 194509,7587.05,7610.00,7584.92,ESPERAR,0,,ALINEADO,BULLISH_SQUEEZE_RISK,,,
20260803 194709,7585.08,7610.00,7570.00,ESPERAR,0,,ALINEADO,BEARISH_SQUEEZE_RISK,,,
20260803 194909,7565.83,7610.00,7565.00,ESPERAR,0,,ALINEADO,BEARISH_SQUEEZE_RISK,,,
20260803 195109,7579.17,7610.00,7575.00,ESPERAR,0,,ALINEADO,BEARISH_SQUEEZE_RISK,,,
20260803 195309,7560.83,7610.00,7560.00,ESPERAR,0,,ALINEADO,BEARISH_SQUEEZE_RISK,,,
20260803 195509,7534.17,7610.00,7500.00,ESPERAR,0,,ALINEADO,BULLISH_SQUEEZE_RISK,,,
20260803 195709,7532.95,7605.08,7525.00,ESPERAR,0,,ALINEADO,BEARISH_SQUEEZE_RISK,,,
20260803 195909,7600.08,7605.00,7600.00,ESPERAR,0,,ALINEADO,BEARISH_SQUEEZE_RISK,,,
20260803 200109,7600.61,7593.80,7600.00,ESPERAR,0,,ALINEADO,BEARISH_SQUEEZE_RISK,,,
20260803 200309,7600.61,7593.80,7600.00,ESPERAR,0,,ALINEADO,BEARISH_SQUEEZE_RISK,,,
20260803 200509,7600.61,7593.80,7600.00,ESPERAR,0,,ALINEADO,BEARISH_SQUEEZE_RISK,,,
20260803 200709,7600.61,7593.80,7600.00,ESPERAR,0,,ALINEADO,BEARISH_SQUEEZE_RISK,,,
20260803 200909,7600.61,7593.80,7600.00,ESPERAR,0,,ALINEADO,BEARISH_SQUEEZE_RISK,,,
20260803 201109,7600.61,7593.80,7600.00,ESPERAR,0,,ALINEADO,BEARISH_SQUEEZE_RISK,,,
20260803 201309,7600.61,7593.80,7600.00,ESPERAR,0,,ALINEADO,BEARISH_SQUEEZE_RISK,,,
20260803 201509,7600.61,7593.80,7600.00,ESPERAR,0,,ALINEADO,BEARISH_SQUEEZE_RISK,,,
20260803 201709,7600.61,7593.80,7600.00,ESPERAR,0,,ALINEADO,BEARISH_SQUEEZE_RISK,,,
20260803 201909,7600.61,7593.80,7600.00,ESPERAR,0,,ALINEADO,BEARISH_SQUEEZE_RISK,,,
20260803 202109,7600.61,7593.80,7600.00,ESPERAR,0,,ALINEADO,BEARISH_SQUEEZE_RISK,,,
20260803 202309,7600.61,7593.80,7600.00,ESPERAR,0,,ALINEADO,BEARISH_SQUEEZE_RISK,,,
20260803 202509,7600.61,7593.80,7600.00,ESPERAR,0,,ALINEADO,BEARISH_SQUEEZE_RISK,,,
20260803 202709,7600.61,7593.80,7600.00,ESPERAR,0,,ALINEADO,BEARISH_SQUEEZE_RISK,,,
20260803 202909,7600.61,7593.80,7600.00,ESPERAR,0,,ALINEADO,BEARISH_SQUEEZE_RISK,,,
20260803 203109,7600.61,7593.80,7600.00,ESPERAR,0,,ALINEADO,BEARISH_SQUEEZE_RISK,,,
20260803 203309,7600.61,7593.80,7600.00,ESPERAR,0,,ALINEADO,BEARISH_SQUEEZE_RISK,,,
20260803 203509,7600.61,7593.80,7600.00,ESPERAR,0,,ALINEADO,BEARISH_SQUEEZE_RISK,,,
20260803 203709,7600.61,7593.80,7600.00,ESPERAR,0,,ALINEADO,BEARISH_SQUEEZE_RISK,,,
20260803 203909,7600.61,7593.80,7600.00,ESPERAR,0,,ALINEADO,BEARISH_SQUEEZE_RISK,,,
20260803 204109,7600.61,7593.80,7600.00,ESPERAR,0,,ALINEADO,BEARISH_SQUEEZE_RISK,,,
20260803 204309,7600.61,7593.80,7600.00,ESPERAR,0,,ALINEADO,BEARISH_SQUEEZE_RISK,,,
20260803 204509,7600.61,7593.80,7600.00,ESPERAR,0,,ALINEADO,BEARISH_SQUEEZE_RISK,,,
20260803 204709,7600.61,7593.80,7600.00,ESPERAR,0,,ALINEADO,BEARISH_SQUEEZE_RISK,,,
20260803 204909,7600.61,7593.80,7600.00,ESPERAR,0,,ALINEADO,BEARISH_SQUEEZE_RISK,,,
20260803 205109,7600.61,7593.80,7600.00,ESPERAR,0,,ALINEADO,BEARISH_SQUEEZE_RISK,,,
20260803 205309,7600.61,7593.80,7600.00,ESPERAR,0,,ALINEADO,BEARISH_SQUEEZE_RISK,,,
20260803 205509,7600.61,7593.80,7600.00,ESPERAR,0,,ALINEADO,BEARISH_SQUEEZE_RISK,,,
20260803 205709,7600.61,7593.80,7600.00,ESPERAR,0,,ALINEADO,BEARISH_SQUEEZE_RISK,,,
20260803 205909,7600.61,7593.80,7600.00,ESPERAR,0,,ALINEADO,BEARISH_SQUEEZE_RISK,,,
20260803 210109,7600.61,7593.80,7600.00,ESPERAR,0,,ALINEADO,BEARISH_SQUEEZE_RISK,,,
20260803 210309,7600.61,7593.80,7600.00,ESPERAR,0,,ALINEADO,BEARISH_SQUEEZE_RISK,,,
20260803 210509,7600.61,7593.80,7600.00,ESPERAR,0,,ALINEADO,BEARISH_SQUEEZE_RISK,,,
20260803 210709,7600.61,7593.80,7600.00,ESPERAR,0,,ALINEADO,BEARISH_SQUEEZE_RISK,,,
20260803 210909,7600.61,7593.80,7600.00,ESPERAR,0,,ALINEADO,BEARISH_SQUEEZE_RISK,,,
20260803 211109,7600.61,7593.80,7600.00,ESPERAR,0,,ALINEADO,BEARISH_SQUEEZE_RISK,,,
20260803 211309,7600.61,7593.80,7600.00,ESPERAR,0,,ALINEADO,BEARISH_SQUEEZE_RISK,,,
20260803 211509,7600.61,7593.80,7600.00,ESPERAR,0,,ALINEADO,BEARISH_SQUEEZE_RISK,,,
20260803 211709,7600.61,7593.80,7600.00,ESPERAR,0,,ALINEADO,BEARISH_SQUEEZE_RISK,,,
20260803 211909,7600.61,7593.80,7600.00,ESPERAR,0,,ALINEADO,BEARISH_SQUEEZE_RISK,,,
20260803 212109,7600.61,7593.80,7600.00,ESPERAR,0,,ALINEADO,BEARISH_SQUEEZE_RISK,,,
20260803 212309,7600.61,7593.80,7600.00,ESPERAR,0,,ALINEADO,BEARISH_SQUEEZE_RISK,,,
20260803 212509,7600.61,7593.80,7600.00,ESPERAR,0,,ALINEADO,BEARISH_SQUEEZE_RISK,,,
20260803 212709,7600.61,7593.80,7600.00,ESPERAR,0,,ALINEADO,BEARISH_SQUEEZE_RISK,,,
20260803 212909,7600.61,7593.80,7600.00,ESPERAR,0,,ALINEADO,BEARISH_SQUEEZE_RISK,,,
20260803 213109,7600.61,7593.80,7600.00,ESPERAR,0,,ALINEADO,BEARISH_SQUEEZE_RISK,,,
20260803 213309,7600.61,7593.80,7600.00,ESPERAR,0,,ALINEADO,BEARISH_SQUEEZE_RISK,,,
20260803 213509,7600.61,7593.80,7600.00,ESPERAR,0,,ALINEADO,BEARISH_SQUEEZE_RISK,,,
20260803 213709,7600.61,7593.80,7600.00,ESPERAR,0,,ALINEADO,BEARISH_SQUEEZE_RISK,,,
20260803 213909,7600.61,7593.80,7600.00,ESPERAR,0,,ALINEADO,BEARISH_SQUEEZE_RISK,,,
20260803 214109,7600.61,7593.80,7600.00,ESPERAR,0,,ALINEADO,BEARISH_SQUEEZE_RISK,,,
20260803 214309,7600.61,7593.80,7600.00,ESPERAR,0,,ALINEADO,BEARISH_SQUEEZE_RISK,,,
20260803 214509,7600.61,7593.80,7600.00,ESPERAR,0,,ALINEADO,BEARISH_SQUEEZE_RISK,,,
20260803 214709,7600.61,7593.80,7600.00,ESPERAR,0,,ALINEADO,BEARISH_SQUEEZE_RISK,,,
20260803 214909,7600.61,7593.80,7600.00,ESPERAR,0,,ALINEADO,BEARISH_SQUEEZE_RISK,,,
20260803 215109,7600.61,7593.80,7600.00,ESPERAR,0,,ALINEADO,BEARISH_SQUEEZE_RISK,,,
20260803 215309,7600.61,7593.80,7600.00,ESPERAR,0,,ALINEADO,BEARISH_SQUEEZE_RISK,,,
20260803 215509,7600.61,7593.80,7600.00,ESPERAR,0,,ALINEADO,BEARISH_SQUEEZE_RISK,,,
20260803 215709,7600.61,7593.80,7600.00,ESPERAR,0,,ALINEADO,BEARISH_SQUEEZE_RISK,,,
20260803 215909,7600.61,7593.80,7600.00,ESPERAR,0,,ALINEADO,BEARISH_SQUEEZE_RISK,,,
20260803 220109,7600.61,7593.80,7600.00,ESPERAR,0,,ALINEADO,BEARISH_SQUEEZE_RISK,,,
20260803 220309,7600.61,7593.80,7600.00,ESPERAR,0,,ALINEADO,BEARISH_SQUEEZE_RISK,,,
20260803 220509,7600.61,7593.80,7600.00,ESPERAR,0,,ALINEADO,BEARISH_SQUEEZE_RISK,,,
20260803 220709,7600.61,7593.80,7600.00,ESPERAR,0,,ALINEADO,BEARISH_SQUEEZE_RISK,,,
20260803 220909,7600.61,7593.80,7600.00,ESPERAR,0,,ALINEADO,BEARISH_SQUEEZE_RISK,,,
20260803 221109,7600.61,7593.80,7600.00,ESPERAR,0,,ALINEADO,BEARISH_SQUEEZE_RISK,,,
20260803 221309,7600.61,7593.80,7600.00,ESPERAR,0,,ALINEADO,BEARISH_SQUEEZE_RISK,,,
20260803 221510,7600.61,7593.80,7600.00,ESPERAR,0,,ALINEADO,BEARISH_SQUEEZE_RISK,,,
20260803 221709,7600.61,7593.80,7600.00,ESPERAR,0,,ALINEADO,BEARISH_SQUEEZE_RISK,,,
20260803 221909,7600.61,7593.80,7600.00,ESPERAR,0,,ALINEADO,BEARISH_SQUEEZE_RISK,,,
20260803 222109,7600.61,7593.80,7600.00,ESPERAR,0,,ALINEADO,BEARISH_SQUEEZE_RISK,,,
20260803 222309,7600.61,7593.80,7600.00,ESPERAR,0,,ALINEADO,BEARISH_SQUEEZE_RISK,,,
20260803 222509,7600.61,7593.80,7600.00,ESPERAR,0,,ALINEADO,BEARISH_SQUEEZE_RISK,,,
20260803 222709,7600.61,7593.80,7600.00,ESPERAR,0,,ALINEADO,BEARISH_SQUEEZE_RISK,,,
20260803 222909,7600.61,7593.80,7600.00,ESPERAR,0,,ALINEADO,BEARISH_SQUEEZE_RISK,,,
20260803 223109,7600.61,7593.80,7600.00,ESPERAR,0,,ALINEADO,BEARISH_SQUEEZE_RISK,,,
20260803 223309,7600.61,7593.80,7600.00,ESPERAR,0,,ALINEADO,BEARISH_SQUEEZE_RISK,,,
20260803 223509,7600.61,7593.80,7600.00,ESPERAR,0,,ALINEADO,BEARISH_SQUEEZE_RISK,,,
20260803 223709,7600.61,7593.80,7600.00,ESPERAR,0,,ALINEADO,BEARISH_SQUEEZE_RISK,,,
20260803 223909,7600.61,7593.80,7600.00,ESPERAR,0,,ALINEADO,BEARISH_SQUEEZE_RISK,,,
20260803 224109,7600.61,7593.80,7600.00,ESPERAR,0,,ALINEADO,BEARISH_SQUEEZE_RISK,,,
20260803 224309,7600.61,7593.80,7600.00,ESPERAR,0,,ALINEADO,BEARISH_SQUEEZE_RISK,,,
20260803 224509,7600.61,7593.80,7600.00,ESPERAR,0,,ALINEADO,BEARISH_SQUEEZE_RISK,,,
20260803 224709,7600.61,7593.80,7600.00,ESPERAR,0,,ALINEADO,BEARISH_SQUEEZE_RISK,,,
20260803 224909,7600.61,7593.80,7600.00,ESPERAR,0,,ALINEADO,BEARISH_SQUEEZE_RISK,,,
20260803 225109,7600.61,7593.80,7600.00,ESPERAR,0,,ALINEADO,BEARISH_SQUEEZE_RISK,,,
20260803 225309,7600.61,7593.80,7600.00,ESPERAR,0,,ALINEADO,BEARISH_SQUEEZE_RISK,,,
20260803 225509,7600.61,7593.80,7600.00,ESPERAR,0,,ALINEADO,BEARISH_SQUEEZE_RISK,,,
20260803 225709,7600.61,7593.80,7600.00,ESPERAR,0,,ALINEADO,BEARISH_SQUEEZE_RISK,,,
20260803 225909,7600.61,7593.80,7600.00,ESPERAR,0,,ALINEADO,BEARISH_SQUEEZE_RISK,,,
20260803 230109,7600.61,7593.80,7600.00,ESPERAR,0,,ALINEADO,BEARISH_SQUEEZE_RISK,,,
20260803 230309,7600.61,7593.80,7600.00,ESPERAR,0,,ALINEADO,BEARISH_SQUEEZE_RISK,,,
20260803 230509,7600.61,7593.80,7600.00,ESPERAR,0,,ALINEADO,BEARISH_SQUEEZE_RISK,,,
20260803 230709,7600.61,7593.80,7600.00,ESPERAR,0,,ALINEADO,BEARISH_SQUEEZE_RISK,,,
20260803 230909,7600.61,7593.80,7600.00,ESPERAR,0,,ALINEADO,BEARISH_SQUEEZE_RISK,,,
20260803 231109,7600.61,7593.80,7600.00,ESPERAR,0,,ALINEADO,BEARISH_SQUEEZE_RISK,,,
20260803 231309,7600.61,7593.80,7600.00,ESPERAR,0,,ALINEADO,BEARISH_SQUEEZE_RISK,,,
20260803 231509,7600.61,7593.80,7600.00,ESPERAR,0,,ALINEADO,BEARISH_SQUEEZE_RISK,,,
20260803 231709,7600.61,7593.80,7600.00,ESPERAR,0,,ALINEADO,BEARISH_SQUEEZE_RISK,,,
20260803 231909,7600.61,7593.80,7600.00,ESPERAR,0,,ALINEADO,BEARISH_SQUEEZE_RISK,,,
20260803 232109,7600.61,7593.80,7600.00,ESPERAR,0,,ALINEADO,BEARISH_SQUEEZE_RISK,,,
20260803 232309,7600.61,7593.80,7600.00,ESPERAR,0,,ALINEADO,BEARISH_SQUEEZE_RISK,,,
20260803 232509,7600.61,7593.80,7600.00,ESPERAR,0,,ALINEADO,BEARISH_SQUEEZE_RISK,,,
20260803 232709,7600.61,7593.80,7600.00,ESPERAR,0,,ALINEADO,BEARISH_SQUEEZE_RISK,,,
20260803 232909,7600.61,7593.80,7600.00,ESPERAR,0,,ALINEADO,BEARISH_SQUEEZE_RISK,,,
20260803 233109,7600.61,7593.80,7600.00,ESPERAR,0,,ALINEADO,BEARISH_SQUEEZE_RISK,,,
20260803 233309,7600.61,7593.80,7600.00,ESPERAR,0,,ALINEADO,BEARISH_SQUEEZE_RISK,,,
20260803 233509,7600.61,7593.80,7600.00,ESPERAR,0,,ALINEADO,BEARISH_SQUEEZE_RISK,,,
20260803 233709,7600.61,7593.80,7600.00,ESPERAR,0,,ALINEADO,BEARISH_SQUEEZE_RISK,,,
20260803 233909,7600.61,7593.80,7600.00,ESPERAR,0,,ALINEADO,BEARISH_SQUEEZE_RISK,,,
20260803 234109,7600.61,7593.80,7600.00,ESPERAR,0,,ALINEADO,BEARISH_SQUEEZE_RISK,,,
20260803 234309,7600.61,7593.80,7600.00,ESPERAR,0,,ALINEADO,BEARISH_SQUEEZE_RISK,,,
20260803 234509,7600.61,7593.80,7600.00,ESPERAR,0,,ALINEADO,BEARISH_SQUEEZE_RISK,,,
20260803 234709,7600.61,7593.80,7600.00,ESPERAR,0,,ALINEADO,BEARISH_SQUEEZE_RISK,,,
20260803 234909,7600.61,7593.80,7600.00,ESPERAR,0,,ALINEADO,BEARISH_SQUEEZE_RISK,,,
20260803 235109,7600.61,7593.80,7600.00,ESPERAR,0,,ALINEADO,BEARISH_SQUEEZE_RISK,,,
20260803 235309,7600.61,7593.80,7600.00,ESPERAR,0,,ALINEADO,BEARISH_SQUEEZE_RISK,,,
20260803 235509,7600.61,7593.80,7600.00,ESPERAR,0,,ALINEADO,BEARISH_SQUEEZE_RISK,,,
20260803 235709,7600.61,7593.80,7600.00,ESPERAR,0,,ALINEADO,BEARISH_SQUEEZE_RISK,,,
20260803 235909,7600.61,7593.80,7600.00,ESPERAR,0,,ALINEADO,BEARISH_SQUEEZE_RISK,,,
20260804 000109,7600.61,7593.80,7600.00,ESPERAR,0,,ALINEADO,BEARISH_SQUEEZE_RISK,,,
20260804 000309,7600.61,7593.80,7600.00,ESPERAR,0,,ALINEADO,BEARISH_SQUEEZE_RISK,,,
20260804 000509,7600.61,7593.80,7600.00,ESPERAR,0,,ALINEADO,BEARISH_SQUEEZE_RISK,,,
20260804 000709,7600.61,7593.80,7600.00,ESPERAR,0,,ALINEADO,BEARISH_SQUEEZE_RISK,,,
20260804 000909,7600.61,7593.80,7600.00,ESPERAR,0,,ALINEADO,BEARISH_SQUEEZE_RISK,,,
20260804 001110,7600.61,7593.80,7600.00,ESPERAR,0,,ALINEADO,BEARISH_SQUEEZE_RISK,,,
20260804 001310,7600.61,7593.80,7600.00,ESPERAR,0,,ALINEADO,BEARISH_SQUEEZE_RISK,,,
20260804 001510,7600.61,7593.80,7600.00,ESPERAR,0,,ALINEADO,BEARISH_SQUEEZE_RISK,,,
20260804 001710,7600.61,7593.80,7600.00,ESPERAR,0,,ALINEADO,BEARISH_SQUEEZE_RISK,,,
20260804 001910,7600.61,7593.80,7600.00,ESPERAR,0,,ALINEADO,BEARISH_SQUEEZE_RISK,,,
20260804 002110,7600.61,7593.80,7600.00,ESPERAR,0,,ALINEADO,BEARISH_SQUEEZE_RISK,,,
20260804 002310,7600.61,7593.80,7600.00,ESPERAR,0,,ALINEADO,BEARISH_SQUEEZE_RISK,,,
20260804 002510,7600.61,7593.80,7600.00,ESPERAR,0,,ALINEADO,BEARISH_SQUEEZE_RISK,,,
20260804 002710,7600.61,7593.80,7600.00,ESPERAR,0,,ALINEADO,BEARISH_SQUEEZE_RISK,,,
20260804 002910,7600.61,7593.80,7600.00,ESPERAR,0,,ALINEADO,BEARISH_SQUEEZE_RISK,,,
20260804 003110,7600.61,7593.80,7600.00,ESPERAR,0,,ALINEADO,BEARISH_SQUEEZE_RISK,,,
20260804 003310,7600.61,7593.80,7600.00,ESPERAR,0,,ALINEADO,BEARISH_SQUEEZE_RISK,,,
20260804 003510,7600.61,7593.80,7600.00,ESPERAR,0,,ALINEADO,BEARISH_SQUEEZE_RISK,,,
20260804 003710,7600.61,7593.80,7600.00,ESPERAR,0,,ALINEADO,BEARISH_SQUEEZE_RISK,,,
20260804 003910,7600.61,7593.80,7600.00,ESPERAR,0,,ALINEADO,BEARISH_SQUEEZE_RISK,,,
20260804 004110,7600.61,7593.80,7600.00,ESPERAR,0,,ALINEADO,BEARISH_SQUEEZE_RISK,,,
20260804 004310,7600.61,7593.80,7600.00,ESPERAR,0,,ALINEADO,BEARISH_SQUEEZE_RISK,,,
20260804 004510,7600.61,7593.80,7600.00,ESPERAR,0,,ALINEADO,BEARISH_SQUEEZE_RISK,,,
20260804 004710,7600.61,7593.80,7600.00,ESPERAR,0,,ALINEADO,BEARISH_SQUEEZE_RISK,,,
20260804 004910,7600.61,7593.80,7600.00,ESPERAR,0,,ALINEADO,BEARISH_SQUEEZE_RISK,,,
20260804 005110,7600.61,7593.80,7600.00,ESPERAR,0,,ALINEADO,BEARISH_SQUEEZE_RISK,,,
20260804 005310,7600.61,7593.80,7600.00,ESPERAR,0,,ALINEADO,BEARISH_SQUEEZE_RISK,,,
20260804 005510,7600.61,7593.80,7600.00,ESPERAR,0,,ALINEADO,BEARISH_SQUEEZE_RISK,,,
20260804 005710,7600.61,7593.80,7600.00,ESPERAR,0,,ALINEADO,BEARISH_SQUEEZE_RISK,,,
20260804 005910,7600.61,7593.80,7600.00,ESPERAR,0,,ALINEADO,BEARISH_SQUEEZE_RISK,,,
20260804 010110,7600.61,7593.80,7600.00,ESPERAR,0,,ALINEADO,BEARISH_SQUEEZE_RISK,,,
20260804 010310,7600.61,7593.80,7600.00,ESPERAR,0,,ALINEADO,BEARISH_SQUEEZE_RISK,,,
20260804 010510,7600.61,7593.80,7600.00,ESPERAR,0,,ALINEADO,BEARISH_SQUEEZE_RISK,,,
20260804 010710,7600.61,7593.80,7600.00,ESPERAR,0,,ALINEADO,BEARISH_SQUEEZE_RISK,,,
20260804 010910,7600.61,7593.80,7600.00,ESPERAR,0,,ALINEADO,BEARISH_SQUEEZE_RISK,,,
20260804 011110,7600.61,7593.80,7600.00,ESPERAR,0,,ALINEADO,BEARISH_SQUEEZE_RISK,,,
20260804 011310,7600.61,7593.80,7600.00,ESPERAR,0,,ALINEADO,BEARISH_SQUEEZE_RISK,,,
20260804 011510,7600.61,7593.80,7600.00,ESPERAR,0,,ALINEADO,BEARISH_SQUEEZE_RISK,,,
20260804 011710,7600.61,7593.80,7600.00,ESPERAR,0,,ALINEADO,BEARISH_SQUEEZE_RISK,,,
20260804 011910,7600.61,7593.80,7600.00,ESPERAR,0,,ALINEADO,BEARISH_SQUEEZE_RISK,,,
20260804 012110,7600.61,7593.80,7600.00,ESPERAR,0,,ALINEADO,BEARISH_SQUEEZE_RISK,,,
20260804 012310,7600.61,7593.80,7600.00,ESPERAR,0,,ALINEADO,BEARISH_SQUEEZE_RISK,,,
20260804 012510,7600.61,7593.80,7600.00,ESPERAR,0,,ALINEADO,BEARISH_SQUEEZE_RISK,,,
20260804 012710,7600.61,7593.80,7600.00,ESPERAR,0,,ALINEADO,BEARISH_SQUEEZE_RISK,,,
20260804 012910,7600.61,7593.80,7600.00,ESPERAR,0,,ALINEADO,BEARISH_SQUEEZE_RISK,,,
20260804 013110,7600.61,7593.80,7600.00,ESPERAR,0,,ALINEADO,BEARISH_SQUEEZE_RISK,,,
20260804 013310,7600.61,7593.80,7600.00,ESPERAR,0,,ALINEADO,BEARISH_SQUEEZE_RISK,,,
20260804 013510,7600.61,7593.80,7600.00,ESPERAR,0,,ALINEADO,BEARISH_SQUEEZE_RISK,,,
20260804 013710,7600.61,7593.80,7600.00,ESPERAR,0,,ALINEADO,BEARISH_SQUEEZE_RISK,,,
20260804 013910,7600.61,7593.80,7600.00,ESPERAR,0,,ALINEADO,BEARISH_SQUEEZE_RISK,,,
20260804 014110,7600.61,7593.80,7600.00,ESPERAR,0,,ALINEADO,BEARISH_SQUEEZE_RISK,,,
20260804 014310,7600.61,7593.80,7600.00,ESPERAR,0,,ALINEADO,BEARISH_SQUEEZE_RISK,,,
20260804 014510,7600.61,7593.80,7600.00,ESPERAR,0,,ALINEADO,BEARISH_SQUEEZE_RISK,,,
20260804 014710,7600.61,7593.80,7600.00,ESPERAR,0,,ALINEADO,BEARISH_SQUEEZE_RISK,,,
20260804 014910,7600.61,7593.80,7600.00,ESPERAR,0,,ALINEADO,BEARISH_SQUEEZE_RISK,,,
20260804 015110,7600.61,7593.80,7600.00,ESPERAR,0,,ALINEADO,BEARISH_SQUEEZE_RISK,,,
20260804 015310,7600.61,7593.80,7600.00,ESPERAR,0,,ALINEADO,BEARISH_SQUEEZE_RISK,,,
20260804 015510,7600.61,7593.80,7600.00,ESPERAR,0,,ALINEADO,BEARISH_SQUEEZE_RISK,,,
20260804 015710,7600.61,7593.80,7600.00,ESPERAR,0,,ALINEADO,BEARISH_SQUEEZE_RISK,,,
20260804 015910,7600.61,7593.80,7600.00,ESPERAR,0,,ALINEADO,BEARISH_SQUEEZE_RISK,,,
20260804 020110,7600.61,7593.80,7600.00,ESPERAR,0,,ALINEADO,BEARISH_SQUEEZE_RISK,,,
20260804 020310,7600.61,7593.80,7600.00,ESPERAR,0,,ALINEADO,BEARISH_SQUEEZE_RISK,,,
20260804 020510,7600.61,7593.80,7600.00,ESPERAR,0,,ALINEADO,BEARISH_SQUEEZE_RISK,,,
20260804 020710,7600.61,7593.80,7600.00,ESPERAR,0,,ALINEADO,BEARISH_SQUEEZE_RISK,,,
20260804 020910,7600.61,7593.80,7600.00,ESPERAR,0,,ALINEADO,BEARISH_SQUEEZE_RISK,,,
20260804 021110,7600.61,7593.80,7600.00,ESPERAR,0,,ALINEADO,BEARISH_SQUEEZE_RISK,,,
20260804 021310,7600.61,7593.80,7600.00,ESPERAR,0,,ALINEADO,BEARISH_SQUEEZE_RISK,,,
20260804 021510,7600.61,7593.80,7600.00,ESPERAR,0,,ALINEADO,BEARISH_SQUEEZE_RISK,,,
20260804 021710,7600.61,7593.80,7600.00,ESPERAR,0,,ALINEADO,BEARISH_SQUEEZE_RISK,,,
20260804 021910,7600.61,7593.80,7600.00,ESPERAR,0,,ALINEADO,BEARISH_SQUEEZE_RISK,,,
20260804 022110,7600.61,7593.80,7600.00,ESPERAR,0,,ALINEADO,BEARISH_SQUEEZE_RISK,,,
20260804 022310,7600.61,7593.80,7600.00,ESPERAR,0,,ALINEADO,BEARISH_SQUEEZE_RISK,,,
20260804 022510,7600.61,7593.80,7600.00,ESPERAR,0,,ALINEADO,BEARISH_SQUEEZE_RISK,,,
20260804 022710,7600.61,7593.80,7600.00,ESPERAR,0,,ALINEADO,BEARISH_SQUEEZE_RISK,,,
20260804 022910,7600.61,7593.80,7600.00,ESPERAR,0,,ALINEADO,BEARISH_SQUEEZE_RISK,,,
20260804 023110,7600.61,7593.80,7600.00,ESPERAR,0,,ALINEADO,BEARISH_SQUEEZE_RISK,,,
20260804 023310,7600.61,7593.80,7600.00,ESPERAR,0,,ALINEADO,BEARISH_SQUEEZE_RISK,,,
20260804 023510,7600.61,7593.80,7600.00,ESPERAR,0,,ALINEADO,BEARISH_SQUEEZE_RISK,,,
20260804 023710,7600.61,7593.80,7600.00,ESPERAR,0,,ALINEADO,BEARISH_SQUEEZE_RISK,,,
20260804 023910,7600.61,7593.80,7600.00,ESPERAR,0,,ALINEADO,BEARISH_SQUEEZE_RISK,,,
20260804 024110,7600.61,7593.80,7600.00,ESPERAR,0,,ALINEADO,BEARISH_SQUEEZE_RISK,,,
20260804 024310,7600.61,7593.80,7600.00,ESPERAR,0,,ALINEADO,BEARISH_SQUEEZE_RISK,,,
20260804 024510,7600.61,7593.80,7600.00,ESPERAR,0,,ALINEADO,BEARISH_SQUEEZE_RISK,,,
20260804 024710,7600.61,7593.80,7600.00,ESPERAR,0,,ALINEADO,BEARISH_SQUEEZE_RISK,,,
20260804 024910,7600.61,7593.80,7600.00,ESPERAR,0,,ALINEADO,BEARISH_SQUEEZE_RISK,,,
20260804 025110,7600.61,7593.80,7600.00,ESPERAR,0,,ALINEADO,BEARISH_SQUEEZE_RISK,,,
20260804 025310,7600.61,7593.80,7600.00,ESPERAR,0,,ALINEADO,BEARISH_SQUEEZE_RISK,,,
20260804 025510,7600.61,7593.80,7600.00,ESPERAR,0,,ALINEADO,BEARISH_SQUEEZE_RISK,,,
20260804 025710,7600.61,7593.80,7600.00,ESPERAR,0,,ALINEADO,BEARISH_SQUEEZE_RISK,,,
20260804 025910,7600.61,7593.80,7600.00,ESPERAR,0,,ALINEADO,BEARISH_SQUEEZE_RISK,,,
20260804 030110,7600.61,7593.80,7600.00,ESPERAR,0,,ALINEADO,BEARISH_SQUEEZE_RISK,,,
20260804 030310,7600.61,7593.80,7600.00,ESPERAR,0,,ALINEADO,BEARISH_SQUEEZE_RISK,,,
20260804 030510,7600.61,7593.80,7600.00,ESPERAR,0,,ALINEADO,BEARISH_SQUEEZE_RISK,,,
20260804 030710,7600.61,7593.80,7600.00,ESPERAR,0,,ALINEADO,BEARISH_SQUEEZE_RISK,,,
20260804 030910,7600.61,7593.80,7600.00,ESPERAR,0,,ALINEADO,BEARISH_SQUEEZE_RISK,,,
20260804 031110,7600.61,7593.80,7600.00,ESPERAR,0,,ALINEADO,BEARISH_SQUEEZE_RISK,,,
20260804 031310,7600.61,7593.80,7600.00,ESPERAR,0,,ALINEADO,BEARISH_SQUEEZE_RISK,,,
20260804 031510,7600.61,7593.80,7600.00,ESPERAR,0,,ALINEADO,BEARISH_SQUEEZE_RISK,,,
20260804 031710,7600.61,7593.80,7600.00,ESPERAR,0,,ALINEADO,BEARISH_SQUEEZE_RISK,,,
20260804 031910,7600.61,7593.80,7600.00,ESPERAR,0,,ALINEADO,BEARISH_SQUEEZE_RISK,,,
20260804 032110,7600.61,7593.80,7600.00,ESPERAR,0,,ALINEADO,BEARISH_SQUEEZE_RISK,,,
20260804 032310,7600.61,7593.80,7600.00,ESPERAR,0,,ALINEADO,BEARISH_SQUEEZE_RISK,,,
20260804 032510,7600.61,7593.80,7600.00,ESPERAR,0,,ALINEADO,BEARISH_SQUEEZE_RISK,,,
20260804 032710,7600.61,7593.80,7600.00,ESPERAR,0,,ALINEADO,BEARISH_SQUEEZE_RISK,,,
20260804 032910,7600.61,7593.80,7600.00,ESPERAR,0,,ALINEADO,BEARISH_SQUEEZE_RISK,,,
20260804 033110,7600.61,7593.80,7600.00,ESPERAR,0,,ALINEADO,BEARISH_SQUEEZE_RISK,,,
20260804 033310,7600.61,7593.80,7600.00,ESPERAR,0,,ALINEADO,BEARISH_SQUEEZE_RISK,,,
20260804 033510,7600.61,7593.80,7600.00,ESPERAR,0,,ALINEADO,BEARISH_SQUEEZE_RISK,,,
20260804 033710,7600.61,7593.80,7600.00,ESPERAR,0,,ALINEADO,BEARISH_SQUEEZE_RISK,,,
20260804 033910,7600.61,7593.80,7600.00,ESPERAR,0,,ALINEADO,BEARISH_SQUEEZE_RISK,,,
20260804 034110,7600.61,7593.80,7600.00,ESPERAR,0,,ALINEADO,BEARISH_SQUEEZE_RISK,,,
20260804 034310,7600.61,7593.80,7600.00,ESPERAR,0,,ALINEADO,BEARISH_SQUEEZE_RISK,,,
20260804 034510,7600.61,7593.80,7600.00,ESPERAR,0,,ALINEADO,BEARISH_SQUEEZE_RISK,,,
20260804 034710,7600.61,7593.80,7600.00,ESPERAR,0,,ALINEADO,BEARISH_SQUEEZE_RISK,,,
20260804 034910,7600.61,7593.80,7600.00,ESPERAR,0,,ALINEADO,BEARISH_SQUEEZE_RISK,,,
20260804 035110,7600.61,7593.80,7600.00,ESPERAR,0,,ALINEADO,BEARISH_SQUEEZE_RISK,,,
20260804 035310,7600.61,7593.80,7600.00,ESPERAR,0,,ALINEADO,BEARISH_SQUEEZE_RISK,,,
20260804 035510,7600.61,7593.80,7600.00,ESPERAR,0,,ALINEADO,BEARISH_SQUEEZE_RISK,,,
20260804 035710,7600.61,7593.80,7600.00,ESPERAR,0,,ALINEADO,BEARISH_SQUEEZE_RISK,,,
20260804 035910,7600.61,7593.80,7600.00,ESPERAR,0,,ALINEADO,BEARISH_SQUEEZE_RISK,,,
20260804 040110,7600.61,7593.80,7600.00,ESPERAR,0,,ALINEADO,BEARISH_SQUEEZE_RISK,,,
20260804 040310,7600.61,7593.80,7600.00,ESPERAR,0,,ALINEADO,BEARISH_SQUEEZE_RISK,,,
20260804 040510,7600.61,7593.80,7600.00,ESPERAR,0,,ALINEADO,BEARISH_SQUEEZE_RISK,,,
20260804 040710,7600.61,7593.80,7600.00,ESPERAR,0,,ALINEADO,BEARISH_SQUEEZE_RISK,,,
20260804 040910,7600.61,7593.80,7600.00,ESPERAR,0,,ALINEADO,BEARISH_SQUEEZE_RISK,,,
20260804 041110,7600.61,7593.80,7600.00,ESPERAR,0,,ALINEADO,BEARISH_SQUEEZE_RISK,,,
20260804 041310,7600.61,7593.80,7600.00,ESPERAR,0,,ALINEADO,BEARISH_SQUEEZE_RISK,,,
20260804 041510,7600.61,7593.80,7600.00,ESPERAR,0,,ALINEADO,BEARISH_SQUEEZE_RISK,,,
20260804 041710,7600.61,7593.80,7600.00,ESPERAR,0,,ALINEADO,BEARISH_SQUEEZE_RISK,,,
20260804 041910,7600.61,7593.80,7600.00,ESPERAR,0,,ALINEADO,BEARISH_SQUEEZE_RISK,,,
20260804 042110,7600.61,7593.80,7600.00,ESPERAR,0,,ALINEADO,BEARISH_SQUEEZE_RISK,,,
20260804 042310,7600.61,7593.80,7600.00,ESPERAR,0,,ALINEADO,BEARISH_SQUEEZE_RISK,,,
20260804 042510,7600.61,7593.80,7600.00,ESPERAR,0,,ALINEADO,BEARISH_SQUEEZE_RISK,,,
20260804 042710,7600.61,7593.80,7600.00,ESPERAR,0,,ALINEADO,BEARISH_SQUEEZE_RISK,,,
20260804 042910,7600.61,7593.80,7600.00,ESPERAR,0,,ALINEADO,BEARISH_SQUEEZE_RISK,,,
20260804 043110,7600.61,7593.80,7600.00,ESPERAR,0,,ALINEADO,BEARISH_SQUEEZE_RISK,,,
20260804 043311,7600.61,7593.80,7600.00,ESPERAR,0,,ALINEADO,BEARISH_SQUEEZE_RISK,,,
20260804 043511,7600.61,7593.80,7600.00,ESPERAR,0,,ALINEADO,BEARISH_SQUEEZE_RISK,,,
20260804 043711,7600.61,7593.80,7600.00,ESPERAR,0,,ALINEADO,BEARISH_SQUEEZE_RISK,,,
20260804 043911,7600.61,7593.80,7600.00,ESPERAR,0,,ALINEADO,BEARISH_SQUEEZE_RISK,,,
20260804 044111,7600.61,7593.80,7600.00,ESPERAR,0,,ALINEADO,BEARISH_SQUEEZE_RISK,,,
20260804 044311,7600.61,7593.80,7600.00,ESPERAR,0,,ALINEADO,BEARISH_SQUEEZE_RISK,,,
20260804 044511,7600.61,7593.80,7600.00,ESPERAR,0,,ALINEADO,BEARISH_SQUEEZE_RISK,,,
20260804 044711,7600.61,7593.80,7600.00,ESPERAR,0,,ALINEADO,BEARISH_SQUEEZE_RISK,,,
20260804 044911,7600.61,7593.80,7600.00,ESPERAR,0,,ALINEADO,BEARISH_SQUEEZE_RISK,,,
20260804 045111,7600.61,7593.80,7600.00,ESPERAR,0,,ALINEADO,BEARISH_SQUEEZE_RISK,,,
20260804 045311,7600.61,7593.80,7600.00,ESPERAR,0,,ALINEADO,BEARISH_SQUEEZE_RISK,,,
20260804 045511,7600.61,7593.80,7600.00,ESPERAR,0,,ALINEADO,BEARISH_SQUEEZE_RISK,,,
20260804 045711,7600.61,7593.80,7600.00,ESPERAR,0,,ALINEADO,BEARISH_SQUEEZE_RISK,,,
20260804 045911,7600.61,7593.80,7600.00,ESPERAR,0,,ALINEADO,BEARISH_SQUEEZE_RISK,,,
20260804 050111,7600.61,7593.80,7600.00,ESPERAR,0,,ALINEADO,BEARISH_SQUEEZE_RISK,,,
20260804 050311,7600.61,7593.80,7600.00,ESPERAR,0,,ALINEADO,BEARISH_SQUEEZE_RISK,,,
20260804 050511,7600.61,7593.80,7600.00,ESPERAR,0,,ALINEADO,BEARISH_SQUEEZE_RISK,,,
20260804 050711,7600.61,7593.80,7600.00,ESPERAR,0,,ALINEADO,BEARISH_SQUEEZE_RISK,,,
20260804 050911,7600.61,7593.80,7600.00,ESPERAR,0,,ALINEADO,BEARISH_SQUEEZE_RISK,,,
20260804 051111,7600.61,7593.80,7600.00,ESPERAR,0,,ALINEADO,BEARISH_SQUEEZE_RISK,,,
20260804 051311,7600.61,7593.80,7600.00,ESPERAR,0,,ALINEADO,BEARISH_SQUEEZE_RISK,,,
20260804 051511,7600.61,7593.80,7600.00,ESPERAR,0,,ALINEADO,BEARISH_SQUEEZE_RISK,,,
20260804 051711,7600.61,7593.80,7600.00,ESPERAR,0,,ALINEADO,BEARISH_SQUEEZE_RISK,,,
20260804 051911,7600.61,7593.80,7600.00,ESPERAR,0,,ALINEADO,BEARISH_SQUEEZE_RISK,,,
20260804 052111,7600.61,7593.80,7600.00,ESPERAR,0,,ALINEADO,BEARISH_SQUEEZE_RISK,,,
20260804 052311,7600.61,7593.80,7600.00,ESPERAR,0,,ALINEADO,BEARISH_SQUEEZE_RISK,,,
20260804 052511,7600.61,7593.80,7600.00,ESPERAR,0,,ALINEADO,BEARISH_SQUEEZE_RISK,,,
20260804 052711,7600.61,7593.80,7600.00,ESPERAR,0,,ALINEADO,BEARISH_SQUEEZE_RISK,,,
20260804 052911,7600.61,7593.80,7600.00,ESPERAR,0,,ALINEADO,BEARISH_SQUEEZE_RISK,,,
20260804 053111,7600.61,7593.80,7600.00,ESPERAR,0,,ALINEADO,BEARISH_SQUEEZE_RISK,,,
20260804 053311,7600.61,7593.80,7600.00,ESPERAR,0,,ALINEADO,BEARISH_SQUEEZE_RISK,,,
20260804 053511,7600.61,7593.80,7600.00,ESPERAR,0,,ALINEADO,BEARISH_SQUEEZE_RISK,,,
20260804 053711,7600.61,7593.80,7600.00,ESPERAR,0,,ALINEADO,BEARISH_SQUEEZE_RISK,,,
20260804 053911,7600.61,7593.80,7600.00,ESPERAR,0,,ALINEADO,BEARISH_SQUEEZE_RISK,,,
20260804 054111,7600.61,7593.80,7600.00,ESPERAR,0,,ALINEADO,BEARISH_SQUEEZE_RISK,,,
20260804 054311,7600.61,7593.80,7600.00,ESPERAR,0,,ALINEADO,BEARISH_SQUEEZE_RISK,,,
20260804 054511,7600.61,7593.80,7600.00,ESPERAR,0,,ALINEADO,BEARISH_SQUEEZE_RISK,,,
20260804 054711,7600.61,7593.80,7600.00,ESPERAR,0,,ALINEADO,BEARISH_SQUEEZE_RISK,,,
20260804 054911,7600.61,7593.80,7600.00,ESPERAR,0,,ALINEADO,BEARISH_SQUEEZE_RISK,,,
20260804 055111,7600.61,7593.80,7600.00,ESPERAR,0,,ALINEADO,BEARISH_SQUEEZE_RISK,,,
20260804 055311,7600.61,7593.80,7600.00,ESPERAR,0,,ALINEADO,BEARISH_SQUEEZE_RISK,,,
20260804 055511,7600.61,7593.80,7600.00,ESPERAR,0,,ALINEADO,BEARISH_SQUEEZE_RISK,,,
20260804 055711,7600.61,7593.80,7600.00,ESPERAR,0,,ALINEADO,BEARISH_SQUEEZE_RISK,,,
20260804 055911,7600.61,7593.80,7600.00,ESPERAR,0,,ALINEADO,BEARISH_SQUEEZE_RISK,,,
20260804 060111,7600.61,7593.80,7600.00,ESPERAR,0,,ALINEADO,BEARISH_SQUEEZE_RISK,,,
20260804 060311,7600.61,7593.80,7600.00,ESPERAR,0,,ALINEADO,BEARISH_SQUEEZE_RISK,,,
20260804 060511,7600.61,7593.80,7600.00,ESPERAR,0,,ALINEADO,BEARISH_SQUEEZE_RISK,,,
20260804 060711,7600.61,7593.80,7600.00,ESPERAR,0,,ALINEADO,BEARISH_SQUEEZE_RISK,,,
20260804 060911,7600.61,7593.80,7600.00,ESPERAR,0,,ALINEADO,BEARISH_SQUEEZE_RISK,,,
20260804 061111,7600.61,7593.80,7600.00,ESPERAR,0,,ALINEADO,BEARISH_SQUEEZE_RISK,,,
20260804 061311,7600.61,7593.80,7600.00,ESPERAR,0,,ALINEADO,BEARISH_SQUEEZE_RISK,,,
20260804 061511,7600.61,7593.80,7600.00,ESPERAR,0,,ALINEADO,BEARISH_SQUEEZE_RISK,,,
20260804 061711,7600.61,7593.80,7600.00,ESPERAR,0,,ALINEADO,BEARISH_SQUEEZE_RISK,,,
20260804 061911,7600.61,7593.80,7600.00,ESPERAR,0,,ALINEADO,BEARISH_SQUEEZE_RISK,,,
20260804 062111,7600.61,7593.80,7600.00,ESPERAR,0,,ALINEADO,BEARISH_SQUEEZE_RISK,,,
20260804 062311,7600.61,7593.80,7600.00,ESPERAR,0,,ALINEADO,BEARISH_SQUEEZE_RISK,,,
20260804 062511,7600.61,7593.80,7600.00,ESPERAR,0,,ALINEADO,BEARISH_SQUEEZE_RISK,,,
20260804 062711,7600.61,7593.80,7600.00,ESPERAR,0,,ALINEADO,BEARISH_SQUEEZE_RISK,,,
20260804 062911,7600.61,7593.80,7600.00,ESPERAR,0,,ALINEADO,BEARISH_SQUEEZE_RISK,,,
20260804 063111,7600.61,7593.80,7600.00,ESPERAR,0,,ALINEADO,BEARISH_SQUEEZE_RISK,,,
20260804 063311,7600.61,7593.80,7600.00,ESPERAR,0,,ALINEADO,BEARISH_SQUEEZE_RISK,,,
20260804 063511,7600.61,7593.80,7600.00,ESPERAR,0,,ALINEADO,BEARISH_SQUEEZE_RISK,,,
20260804 063711,7600.61,7593.80,7600.00,ESPERAR,0,,ALINEADO,BEARISH_SQUEEZE_RISK,,,
20260804 063911,7600.61,7593.80,7600.00,ESPERAR,0,,ALINEADO,BEARISH_SQUEEZE_RISK,,,
20260804 064111,7600.61,7593.80,7600.00,ESPERAR,0,,ALINEADO,BEARISH_SQUEEZE_RISK,,,
20260804 064311,7600.61,7593.80,7600.00,ESPERAR,0,,ALINEADO,BEARISH_SQUEEZE_RISK,,,
20260804 064511,7600.61,7593.80,7600.00,ESPERAR,0,,ALINEADO,BEARISH_SQUEEZE_RISK,,,
20260804 064711,7600.61,7593.80,7600.00,ESPERAR,0,,ALINEADO,BEARISH_SQUEEZE_RISK,,,
20260804 064911,7600.61,7593.80,7600.00,ESPERAR,0,,ALINEADO,BEARISH_SQUEEZE_RISK,,,
20260804 065111,7600.61,7593.80,7600.00,ESPERAR,0,,ALINEADO,BEARISH_SQUEEZE_RISK,,,
20260804 065311,7600.61,7593.80,7600.00,ESPERAR,0,,ALINEADO,BEARISH_SQUEEZE_RISK,,,
20260804 065511,7600.61,7593.80,7600.00,ESPERAR,0,,ALINEADO,BEARISH_SQUEEZE_RISK,,,
20260804 065711,7600.61,7593.80,7600.00,ESPERAR,0,,ALINEADO,BEARISH_SQUEEZE_RISK,,,
20260804 065911,7600.61,7593.80,7600.00,ESPERAR,0,,ALINEADO,BEARISH_SQUEEZE_RISK,,,
20260804 070111,7600.61,7593.80,7600.00,ESPERAR,0,,ALINEADO,BEARISH_SQUEEZE_RISK,,,
20260804 070311,7600.61,7593.80,7600.00,ESPERAR,0,,ALINEADO,BEARISH_SQUEEZE_RISK,,,
20260804 070511,7600.61,7593.80,7600.00,ESPERAR,0,,ALINEADO,BEARISH_SQUEEZE_RISK,,,
20260804 070711,7600.61,7593.80,7600.00,ESPERAR,0,,ALINEADO,BEARISH_SQUEEZE_RISK,,,
20260804 070911,7600.61,7593.80,7600.00,ESPERAR,0,,ALINEADO,BEARISH_SQUEEZE_RISK,,,
20260804 071111,7600.61,7593.80,7600.00,ESPERAR,0,,ALINEADO,BEARISH_SQUEEZE_RISK,,,
20260804 071311,7600.61,7593.80,7600.00,ESPERAR,0,,ALINEADO,BEARISH_SQUEEZE_RISK,,,
20260804 071511,7600.61,7593.80,7600.00,ESPERAR,0,,ALINEADO,BEARISH_SQUEEZE_RISK,,,
20260804 071711,7600.61,7593.80,7600.00,ESPERAR,0,,ALINEADO,BEARISH_SQUEEZE_RISK,,,
20260804 071911,7600.61,7593.80,7600.00,ESPERAR,0,,ALINEADO,BEARISH_SQUEEZE_RISK,,,
20260804 072111,7600.61,7593.80,7600.00,ESPERAR,0,,ALINEADO,BEARISH_SQUEEZE_RISK,,,
20260804 072311,7600.61,7593.80,7600.00,ESPERAR,0,,ALINEADO,BEARISH_SQUEEZE_RISK,,,
20260804 072511,7600.61,7593.80,7600.00,ESPERAR,0,,ALINEADO,BEARISH_SQUEEZE_RISK,,,
20260804 072711,7600.61,7593.80,7600.00,ESPERAR,0,,ALINEADO,BEARISH_SQUEEZE_RISK,,,
20260804 072911,7600.61,7593.80,7600.00,ESPERAR,0,,ALINEADO,BEARISH_SQUEEZE_RISK,,,
20260804 073111,7600.61,7593.80,7600.00,ESPERAR,0,,ALINEADO,BEARISH_SQUEEZE_RISK,,,
20260804 073311,7600.61,7593.80,7600.00,ESPERAR,0,,ALINEADO,BEARISH_SQUEEZE_RISK,,,
20260804 073511,7600.61,7593.80,7600.00,ESPERAR,0,,ALINEADO,BEARISH_SQUEEZE_RISK,,,
20260804 073711,7600.61,7593.80,7600.00,ESPERAR,0,,ALINEADO,BEARISH_SQUEEZE_RISK,,,
20260804 073911,7600.61,7593.80,7600.00,ESPERAR,0,,ALINEADO,BEARISH_SQUEEZE_RISK,,,
20260804 074111,7600.61,7593.80,7600.00,ESPERAR,0,,ALINEADO,BEARISH_SQUEEZE_RISK,,,
20260804 074311,7600.61,7593.80,7600.00,ESPERAR,0,,ALINEADO,BEARISH_SQUEEZE_RISK,,,
20260804 074511,7600.61,7593.80,7600.00,ESPERAR,0,,ALINEADO,BEARISH_SQUEEZE_RISK,,,
20260804 074711,7600.61,7593.80,7600.00,ESPERAR,0,,ALINEADO,BEARISH_SQUEEZE_RISK,,,
20260804 074911,7600.61,7593.80,7600.00,ESPERAR,0,,ALINEADO,BEARISH_SQUEEZE_RISK,,,
20260804 075111,7600.61,7593.80,7600.00,ESPERAR,0,,ALINEADO,BEARISH_SQUEEZE_RISK,,,
20260804 075311,7600.61,7593.80,7600.00,ESPERAR,0,,ALINEADO,BEARISH_SQUEEZE_RISK,,,
20260804 075511,7600.61,7593.80,7600.00,ESPERAR,0,,ALINEADO,BEARISH_SQUEEZE_RISK,,,
20260804 075711,7600.61,7593.80,7600.00,ESPERAR,0,,ALINEADO,BEARISH_SQUEEZE_RISK,,,
20260804 075911,7600.61,7593.80,7600.00,ESPERAR,0,,ALINEADO,BEARISH_SQUEEZE_RISK,,,
20260804 080111,7600.61,7593.80,7600.00,ESPERAR,0,,ALINEADO,BEARISH_SQUEEZE_RISK,,,
20260804 080311,7600.61,7593.80,7600.00,ESPERAR,0,,ALINEADO,BEARISH_SQUEEZE_RISK,,,
20260804 080511,7600.61,7593.80,7600.00,ESPERAR,0,,ALINEADO,BEARISH_SQUEEZE_RISK,,,
20260804 080711,7600.61,7593.80,7600.00,ESPERAR,0,,ALINEADO,BEARISH_SQUEEZE_RISK,,,
20260804 080911,7600.61,7593.80,7600.00,ESPERAR,0,,ALINEADO,BEARISH_SQUEEZE_RISK,,,
20260804 081111,7600.61,7593.80,7600.00,ESPERAR,0,,ALINEADO,BEARISH_SQUEEZE_RISK,,,
20260804 081311,7600.61,7593.80,7600.00,ESPERAR,0,,ALINEADO,BEARISH_SQUEEZE_RISK,,,
20260804 081511,7600.61,7593.80,7600.00,ESPERAR,0,,ALINEADO,BEARISH_SQUEEZE_RISK,,,
20260804 081711,7600.61,7593.80,7600.00,ESPERAR,0,,ALINEADO,BEARISH_SQUEEZE_RISK,,,
20260804 081911,7600.61,7593.80,7600.00,ESPERAR,0,,ALINEADO,BEARISH_SQUEEZE_RISK,,,
20260804 082111,7600.61,7593.80,7600.00,ESPERAR,0,,ALINEADO,BEARISH_SQUEEZE_RISK,,,
20260804 082311,7600.61,7593.80,7600.00,ESPERAR,0,,ALINEADO,BEARISH_SQUEEZE_RISK,,,
20260804 082511,7600.61,7593.80,7600.00,ESPERAR,0,,ALINEADO,BEARISH_SQUEEZE_RISK,,,
20260804 082711,7600.61,7593.80,7600.00,ESPERAR,0,,ALINEADO,BEARISH_SQUEEZE_RISK,,,
20260804 082911,7600.61,7593.80,7600.00,ESPERAR,0,,ALINEADO,BEARISH_SQUEEZE_RISK,,,
20260804 083111,7600.61,7593.80,7600.00,ESPERAR,0,,ALINEADO,BEARISH_SQUEEZE_RISK,,,
20260804 083311,7600.61,7593.80,7600.00,ESPERAR,0,,ALINEADO,BEARISH_SQUEEZE_RISK,,,
20260804 083511,7600.61,7593.80,7600.00,ESPERAR,0,,ALINEADO,BEARISH_SQUEEZE_RISK,,,
20260804 083711,7600.61,7593.80,7600.00,ESPERAR,0,,ALINEADO,BEARISH_SQUEEZE_RISK,,,
20260804 083911,7600.61,7593.80,7600.00,ESPERAR,0,,ALINEADO,BEARISH_SQUEEZE_RISK,,,
20260804 084111,7600.61,7593.80,7600.00,ESPERAR,0,,ALINEADO,BEARISH_SQUEEZE_RISK,,,
20260804 084311,7600.61,7593.80,7600.00,ESPERAR,0,,ALINEADO,BEARISH_SQUEEZE_RISK,,,
20260804 084511,7600.61,7593.80,7600.00,ESPERAR,0,,ALINEADO,BEARISH_SQUEEZE_RISK,,,
20260804 084711,7600.61,7593.80,7600.00,ESPERAR,0,,ALINEADO,BEARISH_SQUEEZE_RISK,,,
20260804 084911,7600.61,7593.80,7600.00,ESPERAR,0,,ALINEADO,BEARISH_SQUEEZE_RISK,,,
20260804 085111,7600.61,7593.80,7600.00,ESPERAR,0,,ALINEADO,BEARISH_SQUEEZE_RISK,,,
20260804 085311,7600.61,7593.80,7600.00,ESPERAR,0,,ALINEADO,BEARISH_SQUEEZE_RISK,,,
20260804 085511,7600.61,7593.80,7600.00,ESPERAR,0,,ALINEADO,BEARISH_SQUEEZE_RISK,,,
20260804 085711,7600.61,7593.80,7600.00,ESPERAR,0,,ALINEADO,BEARISH_SQUEEZE_RISK,,,
20260804 085911,7600.61,7593.80,7600.00,ESPERAR,0,,ALINEADO,BEARISH_SQUEEZE_RISK,,,
20260804 090111,7600.61,7593.80,7600.00,ESPERAR,0,,ALINEADO,BEARISH_SQUEEZE_RISK,,,
20260804 090311,7600.61,7593.80,7600.00,ESPERAR,0,,ALINEADO,BEARISH_SQUEEZE_RISK,,,
20260804 090511,7600.61,7593.80,7600.00,ESPERAR,0,,ALINEADO,BEARISH_SQUEEZE_RISK,,,
20260804 090711,7600.61,7593.80,7600.00,ESPERAR,0,,ALINEADO,BEARISH_SQUEEZE_RISK,,,
20260804 090911,7600.61,7593.80,7600.00,ESPERAR,0,,ALINEADO,BEARISH_SQUEEZE_RISK,,,
20260804 091111,7600.61,7593.80,7600.00,ESPERAR,0,,ALINEADO,BEARISH_SQUEEZE_RISK,,,
20260804 091311,7600.61,7593.80,7600.00,ESPERAR,0,,ALINEADO,BEARISH_SQUEEZE_RISK,,,
20260804 091511,7600.61,7593.80,7600.00,ESPERAR,0,,ALINEADO,BEARISH_SQUEEZE_RISK,,,
20260804 091711,7600.61,7593.80,7600.00,ESPERAR,0,,ALINEADO,BEARISH_SQUEEZE_RISK,,,
20260804 091911,7600.61,7593.80,7600.00,ESPERAR,0,,ALINEADO,BEARISH_SQUEEZE_RISK,,,
20260804 092112,7600.61,7593.80,7600.00,ESPERAR,0,,ALINEADO,BEARISH_SQUEEZE_RISK,,,
20260804 092312,7600.61,7593.80,7600.00,ESPERAR,0,,ALINEADO,BEARISH_SQUEEZE_RISK,,,
20260804 092512,7600.61,7593.80,7600.00,ESPERAR,0,,ALINEADO,BEARISH_SQUEEZE_RISK,,,
20260804 092712,7600.61,7593.80,7600.00,ESPERAR,0,,ALINEADO,BEARISH_SQUEEZE_RISK,,,
20260804 092912,7600.61,7593.80,7600.00,ESPERAR,0,,ALINEADO,BEARISH_SQUEEZE_RISK,,,
20260804 093112,7600.61,7593.80,7600.00,ESPERAR,0,,ALINEADO,BEARISH_SQUEEZE_RISK,,,
20260804 093312,7600.61,7593.80,7600.00,ESPERAR,0,,ALINEADO,BEARISH_SQUEEZE_RISK,,,
20260804 093512,7600.61,7593.80,7600.00,ESPERAR,0,,ALINEADO,BEARISH_SQUEEZE_RISK,,,
20260804 093712,7600.61,7593.80,7600.00,ESPERAR,0,,ALINEADO,BEARISH_SQUEEZE_RISK,,,
20260804 093912,7600.61,7593.80,7600.00,ESPERAR,0,,ALINEADO,BEARISH_SQUEEZE_RISK,,,
20260804 094112,7600.61,7593.80,7600.00,ESPERAR,0,,ALINEADO,BEARISH_SQUEEZE_RISK,,,
20260804 094312,7600.61,7593.80,7600.00,ESPERAR,0,,ALINEADO,BEARISH_SQUEEZE_RISK,,,
20260804 094512,7600.61,7593.80,7600.00,ESPERAR,0,,ALINEADO,BEARISH_SQUEEZE_RISK,,,
20260804 094712,7600.61,7593.80,7600.00,ESPERAR,0,,ALINEADO,BEARISH_SQUEEZE_RISK,,,
20260804 094912,7600.61,7593.80,7600.00,ESPERAR,0,,ALINEADO,BEARISH_SQUEEZE_RISK,,,
20260804 095112,7600.61,7593.80,7600.00,ESPERAR,0,,ALINEADO,BEARISH_SQUEEZE_RISK,,,
20260804 095312,7600.61,7593.80,7600.00,ESPERAR,0,,ALINEADO,BEARISH_SQUEEZE_RISK,,,
20260804 095512,7600.61,7593.80,7600.00,ESPERAR,0,,ALINEADO,BEARISH_SQUEEZE_RISK,,,
20260804 095712,7600.61,7593.80,7600.00,ESPERAR,0,,ALINEADO,BEARISH_SQUEEZE_RISK,,,
20260804 095912,7600.61,7593.80,7600.00,ESPERAR,0,,ALINEADO,BEARISH_SQUEEZE_RISK,,,
20260804 100112,7600.61,7593.80,7600.00,ESPERAR,0,,ALINEADO,BEARISH_SQUEEZE_RISK,,,
20260804 100312,7600.61,7593.80,7600.00,ESPERAR,0,,ALINEADO,BEARISH_SQUEEZE_RISK,,,
20260804 100512,7600.61,7593.80,7600.00,ESPERAR,0,,ALINEADO,BEARISH_SQUEEZE_RISK,,,
20260804 100712,7600.61,7593.80,7600.00,ESPERAR,0,,ALINEADO,BEARISH_SQUEEZE_RISK,,,
20260804 100912,7600.61,7593.80,7600.00,ESPERAR,0,,ALINEADO,BEARISH_SQUEEZE_RISK,,,
20260804 101112,7600.61,7593.80,7600.00,ESPERAR,0,,ALINEADO,BEARISH_SQUEEZE_RISK,,,
20260804 101312,7600.61,7593.80,7600.00,ESPERAR,0,,ALINEADO,BEARISH_SQUEEZE_RISK,,,
20260804 101512,7600.61,7593.80,7600.00,ESPERAR,0,,ALINEADO,BEARISH_SQUEEZE_RISK,,,
20260804 101712,7600.61,7593.80,7600.00,ESPERAR,0,,ALINEADO,BEARISH_SQUEEZE_RISK,,,
20260804 101912,7600.61,7593.80,7600.00,ESPERAR,0,,ALINEADO,BEARISH_SQUEEZE_RISK,,,
20260804 102112,7600.61,7593.80,7600.00,ESPERAR,0,,ALINEADO,BEARISH_SQUEEZE_RISK,,,
20260804 102312,7600.61,7593.80,7600.00,ESPERAR,0,,ALINEADO,BEARISH_SQUEEZE_RISK,,,
20260804 102512,7600.61,7593.80,7600.00,ESPERAR,0,,ALINEADO,BEARISH_SQUEEZE_RISK,,,
20260804 102712,7600.61,7593.80,7600.00,ESPERAR,0,,ALINEADO,BEARISH_SQUEEZE_RISK,,,
20260804 102912,7600.61,7593.80,7600.00,ESPERAR,0,,ALINEADO,BEARISH_SQUEEZE_RISK,,,
20260804 103112,7600.61,7593.80,7600.00,ESPERAR,0,,ALINEADO,BEARISH_SQUEEZE_RISK,,,
20260804 103312,7600.61,7593.80,7600.00,ESPERAR,0,,ALINEADO,BEARISH_SQUEEZE_RISK,,,
20260804 103512,7600.61,7593.80,7600.00,ESPERAR,0,,ALINEADO,BEARISH_SQUEEZE_RISK,,,
20260804 103712,7600.61,7593.80,7600.00,ESPERAR,0,,ALINEADO,BEARISH_SQUEEZE_RISK,,,
20260804 103912,7600.61,7593.80,7600.00,ESPERAR,0,,ALINEADO,BEARISH_SQUEEZE_RISK,,,
20260804 104112,7600.61,7593.80,7600.00,ESPERAR,0,,ALINEADO,BEARISH_SQUEEZE_RISK,,,
20260804 104312,7600.61,7593.80,7600.00,ESPERAR,0,,ALINEADO,BEARISH_SQUEEZE_RISK,,,
20260804 104512,7600.61,7593.80,7600.00,ESPERAR,0,,ALINEADO,BEARISH_SQUEEZE_RISK,,,
20260804 104712,7600.61,7593.80,7600.00,ESPERAR,0,,ALINEADO,BEARISH_SQUEEZE_RISK,,,
20260804 104912,7600.61,7593.80,7600.00,ESPERAR,0,,ALINEADO,BEARISH_SQUEEZE_RISK,,,
20260804 105112,7600.61,7593.80,7600.00,ESPERAR,0,,ALINEADO,BEARISH_SQUEEZE_RISK,,,
20260804 105312,7600.61,7593.80,7600.00,ESPERAR,0,,ALINEADO,BEARISH_SQUEEZE_RISK,,,
20260804 105512,7600.61,7593.80,7600.00,ESPERAR,0,,ALINEADO,BEARISH_SQUEEZE_RISK,,,
20260804 105712,7600.61,7593.80,7600.00,ESPERAR,0,,ALINEADO,BEARISH_SQUEEZE_RISK,,,
20260804 105912,7600.61,7593.80,7600.00,ESPERAR,0,,ALINEADO,BEARISH_SQUEEZE_RISK,,,
20260804 110112,7600.61,7593.80,7600.00,ESPERAR,0,,ALINEADO,BEARISH_SQUEEZE_RISK,,,
20260804 110312,7600.61,7593.80,7600.00,ESPERAR,0,,ALINEADO,BEARISH_SQUEEZE_RISK,,,
20260804 110512,7600.61,7593.80,7600.00,ESPERAR,0,,ALINEADO,BEARISH_SQUEEZE_RISK,,,
20260804 110712,7600.61,7593.80,7600.00,ESPERAR,0,,ALINEADO,BEARISH_SQUEEZE_RISK,,,
20260804 110912,7600.61,7593.80,7600.00,ESPERAR,0,,ALINEADO,BEARISH_SQUEEZE_RISK,,,
20260804 111112,7600.61,7593.80,7600.00,ESPERAR,0,,ALINEADO,BEARISH_SQUEEZE_RISK,,,
20260804 111312,7600.61,7593.80,7600.00,ESPERAR,0,,ALINEADO,BEARISH_SQUEEZE_RISK,,,
20260804 111512,7600.61,7593.80,7600.00,ESPERAR,0,,ALINEADO,BEARISH_SQUEEZE_RISK,,,
20260804 111712,7600.61,7593.80,7600.00,ESPERAR,0,,ALINEADO,BEARISH_SQUEEZE_RISK,,,
20260804 111912,7600.61,7593.80,7600.00,ESPERAR,0,,ALINEADO,BEARISH_SQUEEZE_RISK,,,
20260804 112112,7600.61,7593.80,7600.00,ESPERAR,0,,ALINEADO,BEARISH_SQUEEZE_RISK,,,
20260804 112312,7600.61,7593.80,7600.00,ESPERAR,0,,ALINEADO,BEARISH_SQUEEZE_RISK,,,
20260804 112512,7600.61,7593.80,7600.00,ESPERAR,0,,ALINEADO,BEARISH_SQUEEZE_RISK,,,
20260804 112712,7600.61,7593.80,7600.00,ESPERAR,0,,ALINEADO,BEARISH_SQUEEZE_RISK,,,
20260804 112912,7600.61,7593.80,7600.00,ESPERAR,0,,ALINEADO,BEARISH_SQUEEZE_RISK,,,
20260804 113112,7600.61,7593.80,7600.00,ESPERAR,0,,ALINEADO,BEARISH_SQUEEZE_RISK,,,
