##,GEXFLOW_SPY,zero_gamma,call_wall,put_wall,signal,signal_prob,vix,regime,dex_bias,daily_sigma,fat_tail_up,fat_tail_dn
20260805 004915,7656.61,7725.00,7654.74,ESPERAR,0,,ALINEADO,BULLISH_SQUEEZE_RISK,,,
20260805 005115,7656.61,7725.00,7654.74,ESPERAR,0,,ALINEADO,BULLISH_SQUEEZE_RISK,,,
20260805 005315,7656.61,7725.00,7654.74,ESPERAR,0,,ALINEADO,BULLISH_SQUEEZE_RISK,,,
20260805 005515,7656.61,7725.00,7654.74,ESPERAR,0,,ALINEADO,BULLISH_SQUEEZE_RISK,,,
20260805 005715,7656.61,7725.00,7654.74,ESPERAR,0,,ALINEADO,BULLISH_SQUEEZE_RISK,,,
20260805 005915,7656.61,7725.00,7654.74,ESPERAR,0,,ALINEADO,BULLISH_SQUEEZE_RISK,,,
20260805 010115,7656.61,7725.00,7654.74,ESPERAR,0,,ALINEADO,BULLISH_SQUEEZE_RISK,,,
20260805 010315,7656.61,7725.00,7654.74,ESPERAR,0,,ALINEADO,BULLISH_SQUEEZE_RISK,,,
20260805 010515,7656.61,7725.00,7654.74,ESPERAR,0,,ALINEADO,BULLISH_SQUEEZE_RISK,,,
20260805 010715,7656.61,7725.00,7654.74,ESPERAR,0,,ALINEADO,BULLISH_SQUEEZE_RISK,,,
20260805 010915,7656.61,7725.00,7654.74,ESPERAR,0,,ALINEADO,BULLISH_SQUEEZE_RISK,,,
20260805 011115,7656.61,7725.00,7654.74,ESPERAR,0,,ALINEADO,BULLISH_SQUEEZE_RISK,,,
20260805 011315,7656.61,7725.00,7654.74,ESPERAR,0,,ALINEADO,BULLISH_SQUEEZE_RISK,,,
20260805 011515,7656.61,7725.00,7654.74,ESPERAR,0,,ALINEADO,BULLISH_SQUEEZE_RISK,,,
20260805 011715,7656.61,7725.00,7654.74,ESPERAR,0,,ALINEADO,BULLISH_SQUEEZE_RISK,,,
20260805 011915,7656.61,7725.00,7654.74,ESPERAR,0,,ALINEADO,BULLISH_SQUEEZE_RISK,,,
20260805 012115,7656.61,7725.00,7654.74,ESPERAR,0,,ALINEADO,BULLISH_SQUEEZE_RISK,,,
20260805 012315,7656.61,7725.00,7654.74,ESPERAR,0,,ALINEADO,BULLISH_SQUEEZE_RISK,,,
20260805 012515,7656.61,7725.00,7654.74,ESPERAR,0,,ALINEADO,BULLISH_SQUEEZE_RISK,,,
20260805 012715,7656.61,7725.00,7654.74,ESPERAR,0,,ALINEADO,BULLISH_SQUEEZE_RISK,,,
20260805 012915,7656.61,7725.00,7654.74,ESPERAR,0,,ALINEADO,BULLISH_SQUEEZE_RISK,,,
20260805 013115,7656.61,7725.00,7654.74,ESPERAR,0,,ALINEADO,BULLISH_SQUEEZE_RISK,,,
20260805 013315,7656.61,7725.00,7654.74,ESPERAR,0,,ALINEADO,BULLISH_SQUEEZE_RISK,,,
20260805 013515,7656.61,7725.00,7654.74,ESPERAR,0,,ALINEADO,BULLISH_SQUEEZE_RISK,,,
20260805 013715,7656.61,7725.00,7654.74,ESPERAR,0,,ALINEADO,BULLISH_SQUEEZE_RISK,,,
20260805 013915,7656.61,7725.00,7654.74,ESPERAR,0,,ALINEADO,BULLISH_SQUEEZE_RISK,,,
20260805 014115,7656.61,7725.00,7654.74,ESPERAR,0,,ALINEADO,BULLISH_SQUEEZE_RISK,,,
20260805 014315,7656.61,7725.00,7654.74,ESPERAR,0,,ALINEADO,BULLISH_SQUEEZE_RISK,,,
20260805 014515,7656.61,7725.00,7654.74,ESPERAR,0,,ALINEADO,BULLISH_SQUEEZE_RISK,,,
20260805 014715,7656.61,7725.00,7654.74,ESPERAR,0,,ALINEADO,BULLISH_SQUEEZE_RISK,,,
20260805 014915,7656.61,7725.00,7654.74,ESPERAR,0,,ALINEADO,BULLISH_SQUEEZE_RISK,,,
20260805 015115,7656.61,7725.00,7654.74,ESPERAR,0,,ALINEADO,BULLISH_SQUEEZE_RISK,,,
20260805 015315,7656.61,7725.00,7654.74,ESPERAR,0,,ALINEADO,BULLISH_SQUEEZE_RISK,,,
20260805 015515,7656.61,7725.00,7654.74,ESPERAR,0,,ALINEADO,BULLISH_SQUEEZE_RISK,,,
20260805 015715,7656.61,7725.00,7654.74,ESPERAR,0,,ALINEADO,BULLISH_SQUEEZE_RISK,,,
20260805 015915,7656.61,7725.00,7654.74,ESPERAR,0,,ALINEADO,BULLISH_SQUEEZE_RISK,,,
20260805 020115,7656.61,7725.00,7654.74,ESPERAR,0,,ALINEADO,BULLISH_SQUEEZE_RISK,,,
20260805 020315,7656.61,7725.00,7654.74,ESPERAR,0,,ALINEADO,BULLISH_SQUEEZE_RISK,,,
20260805 020515,7656.61,7725.00,7654.74,ESPERAR,0,,ALINEADO,BULLISH_SQUEEZE_RISK,,,
20260805 020715,7656.61,7725.00,7654.74,ESPERAR,0,,ALINEADO,BULLISH_SQUEEZE_RISK,,,
20260805 020915,7656.61,7725.00,7654.74,ESPERAR,0,,ALINEADO,BULLISH_SQUEEZE_RISK,,,
20260805 021115,7656.61,7725.00,7654.74,ESPERAR,0,,ALINEADO,BULLISH_SQUEEZE_RISK,,,
20260805 021315,7656.61,7725.00,7654.74,ESPERAR,0,,ALINEADO,BULLISH_SQUEEZE_RISK,,,
20260805 021515,7656.61,7725.00,7654.74,ESPERAR,0,,ALINEADO,BULLISH_SQUEEZE_RISK,,,
20260805 021715,7656.61,7725.00,7654.74,ESPERAR,0,,ALINEADO,BULLISH_SQUEEZE_RISK,,,
20260805 021915,7656.61,7725.00,7654.74,ESPERAR,0,,ALINEADO,BULLISH_SQUEEZE_RISK,,,
20260805 022115,7656.61,7725.00,7654.74,ESPERAR,0,,ALINEADO,BULLISH_SQUEEZE_RISK,,,
20260805 022315,7656.61,7725.00,7654.74,ESPERAR,0,,ALINEADO,BULLISH_SQUEEZE_RISK,,,
20260805 022515,7656.61,7725.00,7654.74,ESPERAR,0,,ALINEADO,BULLISH_SQUEEZE_RISK,,,
20260805 022715,7656.61,7725.00,7654.74,ESPERAR,0,,ALINEADO,BULLISH_SQUEEZE_RISK,,,
20260805 022915,7656.61,7725.00,7654.74,ESPERAR,0,,ALINEADO,BULLISH_SQUEEZE_RISK,,,
20260805 023115,7656.61,7725.00,7654.74,ESPERAR,0,,ALINEADO,BULLISH_SQUEEZE_RISK,,,
20260805 023315,7656.61,7725.00,7654.74,ESPERAR,0,,ALINEADO,BULLISH_SQUEEZE_RISK,,,
20260805 023515,7656.61,7725.00,7654.74,ESPERAR,0,,ALINEADO,BULLISH_SQUEEZE_RISK,,,
20260805 023715,7656.61,7725.00,7654.74,ESPERAR,0,,ALINEADO,BULLISH_SQUEEZE_RISK,,,
20260805 023915,7656.61,7725.00,7654.74,ESPERAR,0,,ALINEADO,BULLISH_SQUEEZE_RISK,,,
20260805 024115,7656.61,7725.00,7654.74,ESPERAR,0,,ALINEADO,BULLISH_SQUEEZE_RISK,,,
20260805 024315,7656.61,7725.00,7654.74,ESPERAR,0,,ALINEADO,BULLISH_SQUEEZE_RISK,,,
20260805 024515,7656.61,7725.00,7654.74,ESPERAR,0,,ALINEADO,BULLISH_SQUEEZE_RISK,,,
20260805 024715,7656.61,7725.00,7654.74,ESPERAR,0,,ALINEADO,BULLISH_SQUEEZE_RISK,,,
20260805 024915,7656.61,7725.00,7654.74,ESPERAR,0,,ALINEADO,BULLISH_SQUEEZE_RISK,,,
20260805 025115,7656.61,7725.00,7654.74,ESPERAR,0,,ALINEADO,BULLISH_SQUEEZE_RISK,,,
20260805 025315,7656.61,7725.00,7654.74,ESPERAR,0,,ALINEADO,BULLISH_SQUEEZE_RISK,,,
20260805 025515,7656.61,7725.00,7654.74,ESPERAR,0,,ALINEADO,BULLISH_SQUEEZE_RISK,,,
20260805 025715,7656.61,7725.00,7654.74,ESPERAR,0,,ALINEADO,BULLISH_SQUEEZE_RISK,,,
20260805 025915,7656.61,7725.00,7654.74,ESPERAR,0,,ALINEADO,BULLISH_SQUEEZE_RISK,,,
20260805 030115,7656.61,7725.00,7654.74,ESPERAR,0,,ALINEADO,BULLISH_SQUEEZE_RISK,,,
20260805 030315,7656.61,7725.00,7654.74,ESPERAR,0,,ALINEADO,BULLISH_SQUEEZE_RISK,,,
20260805 030515,7656.61,7725.00,7654.74,ESPERAR,0,,ALINEADO,BULLISH_SQUEEZE_RISK,,,
20260805 030715,7656.61,7725.00,7654.74,ESPERAR,0,,ALINEADO,BULLISH_SQUEEZE_RISK,,,
20260805 030915,7656.61,7725.00,7654.74,ESPERAR,0,,ALINEADO,BULLISH_SQUEEZE_RISK,,,
20260805 031115,7656.61,7725.00,7654.74,ESPERAR,0,,ALINEADO,BULLISH_SQUEEZE_RISK,,,
20260805 031315,7656.61,7725.00,7654.74,ESPERAR,0,,ALINEADO,BULLISH_SQUEEZE_RISK,,,
20260805 031515,7656.61,7725.00,7654.74,ESPERAR,0,,ALINEADO,BULLISH_SQUEEZE_RISK,,,
20260805 031715,7656.61,7725.00,7654.74,ESPERAR,0,,ALINEADO,BULLISH_SQUEEZE_RISK,,,
20260805 031915,7656.61,7725.00,7654.74,ESPERAR,0,,ALINEADO,BULLISH_SQUEEZE_RISK,,,
20260805 032115,7656.61,7725.00,7654.74,ESPERAR,0,,ALINEADO,BULLISH_SQUEEZE_RISK,,,
20260805 032315,7656.61,7725.00,7654.74,ESPERAR,0,,ALINEADO,BULLISH_SQUEEZE_RISK,,,
20260805 032515,7656.61,7725.00,7654.74,ESPERAR,0,,ALINEADO,BULLISH_SQUEEZE_RISK,,,
20260805 032715,7656.61,7725.00,7654.74,ESPERAR,0,,ALINEADO,BULLISH_SQUEEZE_RISK,,,
20260805 032915,7656.61,7725.00,7654.74,ESPERAR,0,,ALINEADO,BULLISH_SQUEEZE_RISK,,,
20260805 033115,7656.61,7725.00,7654.74,ESPERAR,0,,ALINEADO,BULLISH_SQUEEZE_RISK,,,
20260805 033315,7656.61,7725.00,7654.74,ESPERAR,0,,ALINEADO,BULLISH_SQUEEZE_RISK,,,
20260805 033516,7656.61,7725.00,7654.74,ESPERAR,0,,ALINEADO,BULLISH_SQUEEZE_RISK,,,
20260805 033716,7656.61,7725.00,7654.74,ESPERAR,0,,ALINEADO,BULLISH_SQUEEZE_RISK,,,
20260805 033916,7656.61,7725.00,7654.74,ESPERAR,0,,ALINEADO,BULLISH_SQUEEZE_RISK,,,
20260805 034116,7656.61,7725.00,7654.74,ESPERAR,0,,ALINEADO,BULLISH_SQUEEZE_RISK,,,
20260805 034316,7656.61,7725.00,7654.74,ESPERAR,0,,ALINEADO,BULLISH_SQUEEZE_RISK,,,
20260805 034516,7656.61,7725.00,7654.74,ESPERAR,0,,ALINEADO,BULLISH_SQUEEZE_RISK,,,
20260805 034716,7656.61,7725.00,7654.74,ESPERAR,0,,ALINEADO,BULLISH_SQUEEZE_RISK,,,
20260805 034916,7656.61,7725.00,7654.74,ESPERAR,0,,ALINEADO,BULLISH_SQUEEZE_RISK,,,
20260805 035116,7656.61,7725.00,7654.74,ESPERAR,0,,ALINEADO,BULLISH_SQUEEZE_RISK,,,
20260805 035316,7656.61,7725.00,7654.74,ESPERAR,0,,ALINEADO,BULLISH_SQUEEZE_RISK,,,
20260805 035516,7656.61,7725.00,7654.74,ESPERAR,0,,ALINEADO,BULLISH_SQUEEZE_RISK,,,
20260805 035716,7656.61,7725.00,7654.74,ESPERAR,0,,ALINEADO,BULLISH_SQUEEZE_RISK,,,
20260805 035916,7656.61,7725.00,7654.74,ESPERAR,0,,ALINEADO,BULLISH_SQUEEZE_RISK,,,
20260805 040116,7656.61,7725.00,7654.74,ESPERAR,0,,ALINEADO,BULLISH_SQUEEZE_RISK,,,
20260805 040316,7656.61,7725.00,7654.74,ESPERAR,0,,ALINEADO,BULLISH_SQUEEZE_RISK,,,
20260805 040516,7656.61,7725.00,7654.74,ESPERAR,0,,ALINEADO,BULLISH_SQUEEZE_RISK,,,
20260805 040716,7656.61,7725.00,7654.74,ESPERAR,0,,ALINEADO,BULLISH_SQUEEZE_RISK,,,
20260805 040916,7656.61,7725.00,7654.74,ESPERAR,0,,ALINEADO,BULLISH_SQUEEZE_RISK,,,
20260805 041116,7656.61,7725.00,7654.74,ESPERAR,0,,ALINEADO,BULLISH_SQUEEZE_RISK,,,
20260805 041316,7656.61,7725.00,7654.74,ESPERAR,0,,ALINEADO,BULLISH_SQUEEZE_RISK,,,
20260805 041516,7656.61,7725.00,7654.74,ESPERAR,0,,ALINEADO,BULLISH_SQUEEZE_RISK,,,
20260805 041716,7656.61,7725.00,7654.74,ESPERAR,0,,ALINEADO,BULLISH_SQUEEZE_RISK,,,
20260805 041916,7656.61,7725.00,7654.74,ESPERAR,0,,ALINEADO,BULLISH_SQUEEZE_RISK,,,
20260805 042116,7656.61,7725.00,7654.74,ESPERAR,0,,ALINEADO,BULLISH_SQUEEZE_RISK,,,
20260805 042316,7656.61,7725.00,7654.74,ESPERAR,0,,ALINEADO,BULLISH_SQUEEZE_RISK,,,
20260805 042516,7656.61,7725.00,7654.74,ESPERAR,0,,ALINEADO,BULLISH_SQUEEZE_RISK,,,
20260805 042716,7656.61,7725.00,7654.74,ESPERAR,0,,ALINEADO,BULLISH_SQUEEZE_RISK,,,
20260805 042916,7656.61,7725.00,7654.74,ESPERAR,0,,ALINEADO,BULLISH_SQUEEZE_RISK,,,
20260805 043116,7656.61,7725.00,7654.74,ESPERAR,0,,ALINEADO,BULLISH_SQUEEZE_RISK,,,
20260805 043316,7656.61,7725.00,7654.74,ESPERAR,0,,ALINEADO,BULLISH_SQUEEZE_RISK,,,
20260805 043516,7656.61,7725.00,7654.74,ESPERAR,0,,ALINEADO,BULLISH_SQUEEZE_RISK,,,
20260805 043716,7656.61,7725.00,7654.74,ESPERAR,0,,ALINEADO,BULLISH_SQUEEZE_RISK,,,
20260805 043916,7656.61,7725.00,7654.74,ESPERAR,0,,ALINEADO,BULLISH_SQUEEZE_RISK,,,
20260805 044116,7656.61,7725.00,7654.74,ESPERAR,0,,ALINEADO,BULLISH_SQUEEZE_RISK,,,
20260805 044316,7656.61,7725.00,7654.74,ESPERAR,0,,ALINEADO,BULLISH_SQUEEZE_RISK,,,
20260805 044516,7656.61,7725.00,7654.74,ESPERAR,0,,ALINEADO,BULLISH_SQUEEZE_RISK,,,
20260805 044716,7656.61,7725.00,7654.74,ESPERAR,0,,ALINEADO,BULLISH_SQUEEZE_RISK,,,
20260805 044916,7656.61,7725.00,7654.74,ESPERAR,0,,ALINEADO,BULLISH_SQUEEZE_RISK,,,
20260805 045116,7656.61,7725.00,7654.74,ESPERAR,0,,ALINEADO,BULLISH_SQUEEZE_RISK,,,
20260805 045316,7656.61,7725.00,7654.74,ESPERAR,0,,ALINEADO,BULLISH_SQUEEZE_RISK,,,
20260805 045516,7656.61,7725.00,7654.74,ESPERAR,0,,ALINEADO,BULLISH_SQUEEZE_RISK,,,
20260805 045716,7656.61,7725.00,7654.74,ESPERAR,0,,ALINEADO,BULLISH_SQUEEZE_RISK,,,
20260805 045916,7656.61,7725.00,7654.74,ESPERAR,0,,ALINEADO,BULLISH_SQUEEZE_RISK,,,
20260805 050116,7656.61,7725.00,7654.74,ESPERAR,0,,ALINEADO,BULLISH_SQUEEZE_RISK,,,
20260805 050316,7656.61,7725.00,7654.74,ESPERAR,0,,ALINEADO,BULLISH_SQUEEZE_RISK,,,
20260805 050516,7656.61,7725.00,7654.74,ESPERAR,0,,ALINEADO,BULLISH_SQUEEZE_RISK,,,
20260805 050716,7656.61,7725.00,7654.74,ESPERAR,0,,ALINEADO,BULLISH_SQUEEZE_RISK,,,
20260805 050916,7656.61,7725.00,7654.74,ESPERAR,0,,ALINEADO,BULLISH_SQUEEZE_RISK,,,
20260805 051116,7656.61,7725.00,7654.74,ESPERAR,0,,ALINEADO,BULLISH_SQUEEZE_RISK,,,
20260805 051316,7656.61,7725.00,7654.74,ESPERAR,0,,ALINEADO,BULLISH_SQUEEZE_RISK,,,
20260805 051516,7656.61,7725.00,7654.74,ESPERAR,0,,ALINEADO,BULLISH_SQUEEZE_RISK,,,
20260805 051716,7656.61,7725.00,7654.74,ESPERAR,0,,ALINEADO,BULLISH_SQUEEZE_RISK,,,
20260805 051916,7656.61,7725.00,7654.74,ESPERAR,0,,ALINEADO,BULLISH_SQUEEZE_RISK,,,
20260805 052116,7656.61,7725.00,7654.74,ESPERAR,0,,ALINEADO,BULLISH_SQUEEZE_RISK,,,
20260805 052316,7656.61,7725.00,7654.74,ESPERAR,0,,ALINEADO,BULLISH_SQUEEZE_RISK,,,
20260805 052516,7656.61,7725.00,7654.74,ESPERAR,0,,ALINEADO,BULLISH_SQUEEZE_RISK,,,
20260805 052716,7656.61,7725.00,7654.74,ESPERAR,0,,ALINEADO,BULLISH_SQUEEZE_RISK,,,
20260805 052916,7656.61,7725.00,7654.74,ESPERAR,0,,ALINEADO,BULLISH_SQUEEZE_RISK,,,
20260805 053116,7656.61,7725.00,7654.74,ESPERAR,0,,ALINEADO,BULLISH_SQUEEZE_RISK,,,
20260805 053316,7656.61,7725.00,7654.74,ESPERAR,0,,ALINEADO,BULLISH_SQUEEZE_RISK,,,
20260805 053516,7656.61,7725.00,7654.74,ESPERAR,0,,ALINEADO,BULLISH_SQUEEZE_RISK,,,
20260805 053716,7656.61,7725.00,7654.74,ESPERAR,0,,ALINEADO,BULLISH_SQUEEZE_RISK,,,
20260805 053916,7656.61,7725.00,7654.74,ESPERAR,0,,ALINEADO,BULLISH_SQUEEZE_RISK,,,
20260805 054116,7656.61,7725.00,7654.74,ESPERAR,0,,ALINEADO,BULLISH_SQUEEZE_RISK,,,
20260805 054316,7656.61,7725.00,7654.74,ESPERAR,0,,ALINEADO,BULLISH_SQUEEZE_RISK,,,
20260805 054516,7656.61,7725.00,7654.74,ESPERAR,0,,ALINEADO,BULLISH_SQUEEZE_RISK,,,
20260805 054716,7656.61,7725.00,7654.74,ESPERAR,0,,ALINEADO,BULLISH_SQUEEZE_RISK,,,
20260805 054916,7656.61,7725.00,7654.74,ESPERAR,0,,ALINEADO,BULLISH_SQUEEZE_RISK,,,
20260805 055116,7656.61,7725.00,7654.74,ESPERAR,0,,ALINEADO,BULLISH_SQUEEZE_RISK,,,
20260805 055316,7656.61,7725.00,7654.74,ESPERAR,0,,ALINEADO,BULLISH_SQUEEZE_RISK,,,
20260805 055516,7656.61,7725.00,7654.74,ESPERAR,0,,ALINEADO,BULLISH_SQUEEZE_RISK,,,
20260805 055716,7656.61,7725.00,7654.74,ESPERAR,0,,ALINEADO,BULLISH_SQUEEZE_RISK,,,
20260805 055916,7656.61,7725.00,7654.74,ESPERAR,0,,ALINEADO,BULLISH_SQUEEZE_RISK,,,
20260805 060116,7656.61,7725.00,7654.74,ESPERAR,0,,ALINEADO,BULLISH_SQUEEZE_RISK,,,
20260805 060316,7656.61,7725.00,7654.74,ESPERAR,0,,ALINEADO,BULLISH_SQUEEZE_RISK,,,
20260805 060516,7656.61,7725.00,7654.74,ESPERAR,0,,ALINEADO,BULLISH_SQUEEZE_RISK,,,
20260805 060716,7656.61,7725.00,7654.74,ESPERAR,0,,ALINEADO,BULLISH_SQUEEZE_RISK,,,
20260805 060916,7656.61,7725.00,7654.74,ESPERAR,0,,ALINEADO,BULLISH_SQUEEZE_RISK,,,
20260805 061116,7656.61,7725.00,7654.74,ESPERAR,0,,ALINEADO,BULLISH_SQUEEZE_RISK,,,
20260805 061316,7656.61,7725.00,7654.74,ESPERAR,0,,ALINEADO,BULLISH_SQUEEZE_RISK,,,
20260805 061516,7656.61,7725.00,7654.74,ESPERAR,0,,ALINEADO,BULLISH_SQUEEZE_RISK,,,
20260805 061716,7656.61,7725.00,7654.74,ESPERAR,0,,ALINEADO,BULLISH_SQUEEZE_RISK,,,
20260805 061916,7656.61,7725.00,7654.74,ESPERAR,0,,ALINEADO,BULLISH_SQUEEZE_RISK,,,
20260805 062116,7656.61,7725.00,7654.74,ESPERAR,0,,ALINEADO,BULLISH_SQUEEZE_RISK,,,
20260805 062316,7656.61,7725.00,7654.74,ESPERAR,0,,ALINEADO,BULLISH_SQUEEZE_RISK,,,
20260805 062516,7656.61,7725.00,7654.74,ESPERAR,0,,ALINEADO,BULLISH_SQUEEZE_RISK,,,
20260805 062716,7656.61,7725.00,7654.74,ESPERAR,0,,ALINEADO,BULLISH_SQUEEZE_RISK,,,
20260805 062916,7656.61,7725.00,7654.74,ESPERAR,0,,ALINEADO,BULLISH_SQUEEZE_RISK,,,
20260805 063116,7656.61,7725.00,7654.74,ESPERAR,0,,ALINEADO,BULLISH_SQUEEZE_RISK,,,
20260805 063316,7656.61,7725.00,7654.74,ESPERAR,0,,ALINEADO,BULLISH_SQUEEZE_RISK,,,
20260805 063516,7656.61,7725.00,7654.74,ESPERAR,0,,ALINEADO,BULLISH_SQUEEZE_RISK,,,
20260805 063716,7656.61,7725.00,7654.74,ESPERAR,0,,ALINEADO,BULLISH_SQUEEZE_RISK,,,
20260805 063916,7656.61,7725.00,7654.74,ESPERAR,0,,ALINEADO,BULLISH_SQUEEZE_RISK,,,
20260805 064116,7656.61,7725.00,7654.74,ESPERAR,0,,ALINEADO,BULLISH_SQUEEZE_RISK,,,
20260805 064316,7656.61,7725.00,7654.74,ESPERAR,0,,ALINEADO,BULLISH_SQUEEZE_RISK,,,
20260805 064516,7656.61,7725.00,7654.74,ESPERAR,0,,ALINEADO,BULLISH_SQUEEZE_RISK,,,
20260805 064716,7656.61,7725.00,7654.74,ESPERAR,0,,ALINEADO,BULLISH_SQUEEZE_RISK,,,
20260805 064916,7656.61,7725.00,7654.74,ESPERAR,0,,ALINEADO,BULLISH_SQUEEZE_RISK,,,
20260805 065116,7656.61,7725.00,7654.74,ESPERAR,0,,ALINEADO,BULLISH_SQUEEZE_RISK,,,
20260805 065316,7656.61,7725.00,7654.74,ESPERAR,0,,ALINEADO,BULLISH_SQUEEZE_RISK,,,
20260805 065516,7656.61,7725.00,7654.74,ESPERAR,0,,ALINEADO,BULLISH_SQUEEZE_RISK,,,
20260805 065716,7656.61,7725.00,7654.74,ESPERAR,0,,ALINEADO,BULLISH_SQUEEZE_RISK,,,
20260805 065916,7656.61,7725.00,7654.74,ESPERAR,0,,ALINEADO,BULLISH_SQUEEZE_RISK,,,
20260805 070116,7656.61,7725.00,7654.74,ESPERAR,0,,ALINEADO,BULLISH_SQUEEZE_RISK,,,
20260805 070316,7656.61,7725.00,7654.74,ESPERAR,0,,ALINEADO,BULLISH_SQUEEZE_RISK,,,
20260805 070516,7656.61,7725.00,7654.74,ESPERAR,0,,ALINEADO,BULLISH_SQUEEZE_RISK,,,
20260805 070716,7656.61,7725.00,7654.74,ESPERAR,0,,ALINEADO,BULLISH_SQUEEZE_RISK,,,
20260805 070916,7656.61,7725.00,7654.74,ESPERAR,0,,ALINEADO,BULLISH_SQUEEZE_RISK,,,
20260805 071116,7656.61,7725.00,7654.74,ESPERAR,0,,ALINEADO,BULLISH_SQUEEZE_RISK,,,
20260805 071316,7656.61,7725.00,7654.74,ESPERAR,0,,ALINEADO,BULLISH_SQUEEZE_RISK,,,
20260805 071516,7656.61,7725.00,7654.74,ESPERAR,0,,ALINEADO,BULLISH_SQUEEZE_RISK,,,
20260805 071716,7656.61,7725.00,7654.74,ESPERAR,0,,ALINEADO,BULLISH_SQUEEZE_RISK,,,
20260805 071916,7656.61,7725.00,7654.74,ESPERAR,0,,ALINEADO,BULLISH_SQUEEZE_RISK,,,
20260805 072116,7656.61,7725.00,7654.74,ESPERAR,0,,ALINEADO,BULLISH_SQUEEZE_RISK,,,
20260805 072316,7656.61,7725.00,7654.74,ESPERAR,0,,ALINEADO,BULLISH_SQUEEZE_RISK,,,
20260805 072516,7656.61,7725.00,7654.74,ESPERAR,0,,ALINEADO,BULLISH_SQUEEZE_RISK,,,
20260805 072716,7656.61,7725.00,7654.74,ESPERAR,0,,ALINEADO,BULLISH_SQUEEZE_RISK,,,
20260805 072916,7656.61,7725.00,7654.74,ESPERAR,0,,ALINEADO,BULLISH_SQUEEZE_RISK,,,
20260805 073116,7656.61,7725.00,7654.74,ESPERAR,0,,ALINEADO,BULLISH_SQUEEZE_RISK,,,
20260805 073316,7656.61,7725.00,7654.74,ESPERAR,0,,ALINEADO,BULLISH_SQUEEZE_RISK,,,
20260805 073516,7656.61,7725.00,7654.74,ESPERAR,0,,ALINEADO,BULLISH_SQUEEZE_RISK,,,
20260805 073716,7656.61,7725.00,7654.74,ESPERAR,0,,ALINEADO,BULLISH_SQUEEZE_RISK,,,
20260805 073916,7656.61,7725.00,7654.74,ESPERAR,0,,ALINEADO,BULLISH_SQUEEZE_RISK,,,
20260805 074116,7656.61,7725.00,7654.74,ESPERAR,0,,ALINEADO,BULLISH_SQUEEZE_RISK,,,
20260805 074316,7656.61,7725.00,7654.74,ESPERAR,0,,ALINEADO,BULLISH_SQUEEZE_RISK,,,
20260805 074516,7656.61,7725.00,7654.74,ESPERAR,0,,ALINEADO,BULLISH_SQUEEZE_RISK,,,
20260805 074716,7656.61,7725.00,7654.74,ESPERAR,0,,ALINEADO,BULLISH_SQUEEZE_RISK,,,
20260805 074916,7656.61,7725.00,7654.74,ESPERAR,0,,ALINEADO,BULLISH_SQUEEZE_RISK,,,
20260805 075116,7656.61,7725.00,7654.74,ESPERAR,0,,ALINEADO,BULLISH_SQUEEZE_RISK,,,
20260805 075316,7656.61,7725.00,7654.74,ESPERAR,0,,ALINEADO,BULLISH_SQUEEZE_RISK,,,
20260805 075516,7656.61,7725.00,7654.74,ESPERAR,0,,ALINEADO,BULLISH_SQUEEZE_RISK,,,
20260805 075716,7656.61,7725.00,7654.74,ESPERAR,0,,ALINEADO,BULLISH_SQUEEZE_RISK,,,
20260805 075916,7656.61,7725.00,7654.74,ESPERAR,0,,ALINEADO,BULLISH_SQUEEZE_RISK,,,
20260805 080116,7656.61,7725.00,7654.74,ESPERAR,0,,ALINEADO,BULLISH_SQUEEZE_RISK,,,
20260805 080316,7656.61,7725.00,7654.74,ESPERAR,0,,ALINEADO,BULLISH_SQUEEZE_RISK,,,
20260805 080516,7656.61,7725.00,7654.74,ESPERAR,0,,ALINEADO,BULLISH_SQUEEZE_RISK,,,
20260805 080716,7656.61,7725.00,7654.74,ESPERAR,0,,ALINEADO,BULLISH_SQUEEZE_RISK,,,
20260805 080916,7656.61,7725.00,7654.74,ESPERAR,0,,ALINEADO,BULLISH_SQUEEZE_RISK,,,
20260805 081116,7656.61,7725.00,7654.74,ESPERAR,0,,ALINEADO,BULLISH_SQUEEZE_RISK,,,
20260805 081316,7656.61,7725.00,7654.74,ESPERAR,0,,ALINEADO,BULLISH_SQUEEZE_RISK,,,
20260805 081516,7656.61,7725.00,7654.74,ESPERAR,0,,ALINEADO,BULLISH_SQUEEZE_RISK,,,
20260805 081716,7656.61,7725.00,7654.74,ESPERAR,0,,ALINEADO,BULLISH_SQUEEZE_RISK,,,
20260805 081916,7656.61,7725.00,7654.74,ESPERAR,0,,ALINEADO,BULLISH_SQUEEZE_RISK,,,
20260805 082116,7656.61,7725.00,7654.74,ESPERAR,0,,ALINEADO,BULLISH_SQUEEZE_RISK,,,
20260805 082316,7656.61,7725.00,7654.74,ESPERAR,0,,ALINEADO,BULLISH_SQUEEZE_RISK,,,
20260805 082516,7656.61,7725.00,7654.74,ESPERAR,0,,ALINEADO,BULLISH_SQUEEZE_RISK,,,
20260805 082716,7656.61,7725.00,7654.74,ESPERAR,0,,ALINEADO,BULLISH_SQUEEZE_RISK,,,
20260805 082916,7656.61,7725.00,7654.74,ESPERAR,0,,ALINEADO,BULLISH_SQUEEZE_RISK,,,
20260805 083117,7656.61,7725.00,7654.74,ESPERAR,0,,ALINEADO,BULLISH_SQUEEZE_RISK,,,
20260805 083317,7656.61,7725.00,7654.74,ESPERAR,0,,ALINEADO,BULLISH_SQUEEZE_RISK,,,
20260805 083517,7656.61,7725.00,7654.74,ESPERAR,0,,ALINEADO,BULLISH_SQUEEZE_RISK,,,
20260805 083717,7656.61,7725.00,7654.74,ESPERAR,0,,ALINEADO,BULLISH_SQUEEZE_RISK,,,
20260805 083917,7656.61,7725.00,7654.74,ESPERAR,0,,ALINEADO,BULLISH_SQUEEZE_RISK,,,
20260805 084117,7656.61,7725.00,7654.74,ESPERAR,0,,ALINEADO,BULLISH_SQUEEZE_RISK,,,
20260805 084317,7656.61,7725.00,7654.74,ESPERAR,0,,ALINEADO,BULLISH_SQUEEZE_RISK,,,
20260805 084517,7656.61,7725.00,7654.74,ESPERAR,0,,ALINEADO,BULLISH_SQUEEZE_RISK,,,
20260805 084717,7656.61,7725.00,7654.74,ESPERAR,0,,ALINEADO,BULLISH_SQUEEZE_RISK,,,
20260805 084917,7656.61,7725.00,7654.74,ESPERAR,0,,ALINEADO,BULLISH_SQUEEZE_RISK,,,
20260805 085117,7656.61,7725.00,7654.74,ESPERAR,0,,ALINEADO,BULLISH_SQUEEZE_RISK,,,
20260805 085317,7656.61,7725.00,7654.74,ESPERAR,0,,ALINEADO,BULLISH_SQUEEZE_RISK,,,
20260805 085517,7656.61,7725.00,7654.74,ESPERAR,0,,ALINEADO,BULLISH_SQUEEZE_RISK,,,
20260805 085717,7656.61,7725.00,7654.74,ESPERAR,0,,ALINEADO,BULLISH_SQUEEZE_RISK,,,
20260805 085917,7656.61,7725.00,7654.74,ESPERAR,0,,ALINEADO,BULLISH_SQUEEZE_RISK,,,
20260805 090117,7656.61,7725.00,7654.74,ESPERAR,0,,ALINEADO,BULLISH_SQUEEZE_RISK,,,
20260805 090317,7656.61,7725.00,7654.74,ESPERAR,0,,ALINEADO,BULLISH_SQUEEZE_RISK,,,
20260805 090517,7656.61,7725.00,7654.74,ESPERAR,0,,ALINEADO,BULLISH_SQUEEZE_RISK,,,
20260805 090717,7656.61,7725.00,7654.74,ESPERAR,0,,ALINEADO,BULLISH_SQUEEZE_RISK,,,
20260805 090917,7656.61,7725.00,7654.74,ESPERAR,0,,ALINEADO,BULLISH_SQUEEZE_RISK,,,
20260805 091117,7656.61,7725.00,7654.74,ESPERAR,0,,ALINEADO,BULLISH_SQUEEZE_RISK,,,
20260805 091317,7656.61,7725.00,7654.74,ESPERAR,0,,ALINEADO,BULLISH_SQUEEZE_RISK,,,
20260805 091517,7656.61,7725.00,7654.74,ESPERAR,0,,ALINEADO,BULLISH_SQUEEZE_RISK,,,
20260805 091717,7656.61,7725.00,7654.74,ESPERAR,0,,ALINEADO,BULLISH_SQUEEZE_RISK,,,
20260805 091917,7656.61,7725.00,7654.74,ESPERAR,0,,ALINEADO,BULLISH_SQUEEZE_RISK,,,
20260805 092117,7656.61,7725.00,7654.74,ESPERAR,0,,ALINEADO,BULLISH_SQUEEZE_RISK,,,
20260805 092317,7656.61,7725.00,7654.74,ESPERAR,0,,ALINEADO,BULLISH_SQUEEZE_RISK,,,
20260805 092517,7656.61,7725.00,7654.74,ESPERAR,0,,ALINEADO,BULLISH_SQUEEZE_RISK,,,
20260805 092717,7656.61,7725.00,7654.74,ESPERAR,0,,ALINEADO,BULLISH_SQUEEZE_RISK,,,
20260805 092917,7656.61,7725.00,7654.74,ESPERAR,0,,ALINEADO,BULLISH_SQUEEZE_RISK,,,
20260805 093117,7656.61,7725.00,7654.74,ESPERAR,0,,ALINEADO,BULLISH_SQUEEZE_RISK,,,
20260805 093317,7656.61,7725.00,7654.74,ESPERAR,0,,ALINEADO,BULLISH_SQUEEZE_RISK,,,
20260805 093517,7656.61,7725.00,7654.74,ESPERAR,0,,ALINEADO,BULLISH_SQUEEZE_RISK,,,
20260805 093717,7656.61,7725.00,7654.74,ESPERAR,0,,ALINEADO,BULLISH_SQUEEZE_RISK,,,
20260805 093917,7656.61,7725.00,7654.74,ESPERAR,0,,ALINEADO,BULLISH_SQUEEZE_RISK,,,
20260805 094117,7656.61,7725.00,7654.74,ESPERAR,0,,ALINEADO,BULLISH_SQUEEZE_RISK,,,
20260805 094317,7656.61,7725.00,7654.74,ESPERAR,0,,ALINEADO,BULLISH_SQUEEZE_RISK,,,
20260805 094517,7656.61,7725.00,7654.74,ESPERAR,0,,ALINEADO,BULLISH_SQUEEZE_RISK,,,
20260805 094717,7656.61,7725.00,7654.74,ESPERAR,0,,ALINEADO,BULLISH_SQUEEZE_RISK,,,
20260805 094917,7656.61,7725.00,7654.74,ESPERAR,0,,ALINEADO,BULLISH_SQUEEZE_RISK,,,
20260805 095117,7656.61,7725.00,7654.74,ESPERAR,0,,ALINEADO,BULLISH_SQUEEZE_RISK,,,
20260805 095317,7656.61,7725.00,7654.74,ESPERAR,0,,ALINEADO,BULLISH_SQUEEZE_RISK,,,
20260805 095517,7656.61,7725.00,7654.74,ESPERAR,0,,ALINEADO,BULLISH_SQUEEZE_RISK,,,
20260805 095717,7656.61,7725.00,7654.74,ESPERAR,0,,ALINEADO,BULLISH_SQUEEZE_RISK,,,
20260805 095917,7656.61,7725.00,7654.74,ESPERAR,0,,ALINEADO,BULLISH_SQUEEZE_RISK,,,
20260805 100117,7656.61,7725.00,7654.74,ESPERAR,0,,ALINEADO,BULLISH_SQUEEZE_RISK,,,
20260805 100317,7656.61,7725.00,7654.74,ESPERAR,0,,ALINEADO,BULLISH_SQUEEZE_RISK,,,
20260805 100517,7656.61,7725.00,7654.74,ESPERAR,0,,ALINEADO,BULLISH_SQUEEZE_RISK,,,
20260805 100717,7656.61,7725.00,7654.74,ESPERAR,0,,ALINEADO,BULLISH_SQUEEZE_RISK,,,
20260805 100917,7656.61,7725.00,7654.74,ESPERAR,0,,ALINEADO,BULLISH_SQUEEZE_RISK,,,
20260805 101117,7656.61,7725.00,7654.74,ESPERAR,0,,ALINEADO,BULLISH_SQUEEZE_RISK,,,
20260805 101317,7656.61,7725.00,7654.74,ESPERAR,0,,ALINEADO,BULLISH_SQUEEZE_RISK,,,
20260805 101517,7656.61,7725.00,7654.74,ESPERAR,0,,ALINEADO,BULLISH_SQUEEZE_RISK,,,
20260805 101717,7656.61,7725.00,7654.74,ESPERAR,0,,ALINEADO,BULLISH_SQUEEZE_RISK,,,
20260805 101917,7656.61,7725.00,7654.74,ESPERAR,0,,ALINEADO,BULLISH_SQUEEZE_RISK,,,
20260805 102117,7656.61,7725.00,7654.74,ESPERAR,0,,ALINEADO,BULLISH_SQUEEZE_RISK,,,
20260805 102317,7656.61,7725.00,7654.74,ESPERAR,0,,ALINEADO,BULLISH_SQUEEZE_RISK,,,
20260805 102517,7656.61,7725.00,7654.74,ESPERAR,0,,ALINEADO,BULLISH_SQUEEZE_RISK,,,
20260805 102717,7656.61,7725.00,7654.74,ESPERAR,0,,ALINEADO,BULLISH_SQUEEZE_RISK,,,
20260805 102917,7656.61,7725.00,7654.74,ESPERAR,0,,ALINEADO,BULLISH_SQUEEZE_RISK,,,
20260805 103117,7656.61,7725.00,7654.74,ESPERAR,0,,ALINEADO,BULLISH_SQUEEZE_RISK,,,
20260805 103317,7656.61,7725.00,7654.74,ESPERAR,0,,ALINEADO,BULLISH_SQUEEZE_RISK,,,
20260805 103517,7656.61,7725.00,7654.74,ESPERAR,0,,ALINEADO,BULLISH_SQUEEZE_RISK,,,
20260805 103717,7656.61,7725.00,7654.74,ESPERAR,0,,ALINEADO,BULLISH_SQUEEZE_RISK,,,
20260805 103917,7656.61,7725.00,7654.74,ESPERAR,0,,ALINEADO,BULLISH_SQUEEZE_RISK,,,
20260805 104117,7656.61,7725.00,7654.74,ESPERAR,0,,ALINEADO,BULLISH_SQUEEZE_RISK,,,
20260805 104317,7656.61,7725.00,7654.74,ESPERAR,0,,ALINEADO,BULLISH_SQUEEZE_RISK,,,
20260805 104517,7656.61,7725.00,7654.74,ESPERAR,0,,ALINEADO,BULLISH_SQUEEZE_RISK,,,
20260805 104717,7656.61,7725.00,7654.74,ESPERAR,0,,ALINEADO,BULLISH_SQUEEZE_RISK,,,
20260805 104917,7656.61,7725.00,7654.74,ESPERAR,0,,ALINEADO,BULLISH_SQUEEZE_RISK,,,
20260805 105117,7656.61,7725.00,7654.74,ESPERAR,0,,ALINEADO,BULLISH_SQUEEZE_RISK,,,
20260805 105317,7656.61,7725.00,7654.74,ESPERAR,0,,ALINEADO,BULLISH_SQUEEZE_RISK,,,
20260805 105517,7656.61,7725.00,7654.74,ESPERAR,0,,ALINEADO,BULLISH_SQUEEZE_RISK,,,
20260805 105717,7656.61,7725.00,7654.74,ESPERAR,0,,ALINEADO,BULLISH_SQUEEZE_RISK,,,
20260805 105917,7656.61,7725.00,7654.74,ESPERAR,0,,ALINEADO,BULLISH_SQUEEZE_RISK,,,
20260805 110117,7656.61,7725.00,7654.74,ESPERAR,0,,ALINEADO,BULLISH_SQUEEZE_RISK,,,
20260805 110317,7656.61,7725.00,7654.74,ESPERAR,0,,ALINEADO,BULLISH_SQUEEZE_RISK,,,
20260805 110517,7656.61,7725.00,7654.74,ESPERAR,0,,ALINEADO,BULLISH_SQUEEZE_RISK,,,
20260805 110717,7656.61,7725.00,7654.74,ESPERAR,0,,ALINEADO,BULLISH_SQUEEZE_RISK,,,
20260805 110917,7656.61,7725.00,7654.74,ESPERAR,0,,ALINEADO,BULLISH_SQUEEZE_RISK,,,
20260805 111117,7656.61,7725.00,7654.74,ESPERAR,0,,ALINEADO,BULLISH_SQUEEZE_RISK,,,
20260805 111317,7656.61,7725.00,7654.74,ESPERAR,0,,ALINEADO,BULLISH_SQUEEZE_RISK,,,
20260805 111517,7656.61,7725.00,7654.74,ESPERAR,0,,ALINEADO,BULLISH_SQUEEZE_RISK,,,
20260805 111717,7656.61,7725.00,7654.74,ESPERAR,0,,ALINEADO,BULLISH_SQUEEZE_RISK,,,
20260805 111917,7656.61,7725.00,7654.74,ESPERAR,0,,ALINEADO,BULLISH_SQUEEZE_RISK,,,
20260805 112117,7656.61,7725.00,7654.74,ESPERAR,0,,ALINEADO,BULLISH_SQUEEZE_RISK,,,
20260805 112317,7656.61,7725.00,7654.74,ESPERAR,0,,ALINEADO,BULLISH_SQUEEZE_RISK,,,
20260805 112517,7656.61,7725.00,7654.74,ESPERAR,0,,ALINEADO,BULLISH_SQUEEZE_RISK,,,
20260805 112717,7656.61,7725.00,7654.74,ESPERAR,0,,ALINEADO,BULLISH_SQUEEZE_RISK,,,
20260805 112917,7656.61,7725.00,7654.74,ESPERAR,0,,ALINEADO,BULLISH_SQUEEZE_RISK,,,
20260805 113117,7656.61,7725.00,7654.74,ESPERAR,0,,ALINEADO,BULLISH_SQUEEZE_RISK,,,
20260805 113317,7656.61,7725.00,7654.74,ESPERAR,0,,ALINEADO,BULLISH_SQUEEZE_RISK,,,
20260805 113517,7656.61,7725.00,7654.74,ESPERAR,0,,ALINEADO,BULLISH_SQUEEZE_RISK,,,
20260805 113717,7656.61,7725.00,7654.74,ESPERAR,0,,ALINEADO,BULLISH_SQUEEZE_RISK,,,
20260805 113917,7656.61,7725.00,7654.74,ESPERAR,0,,ALINEADO,BULLISH_SQUEEZE_RISK,,,
20260805 114117,7656.61,7725.00,7654.74,ESPERAR,0,,ALINEADO,BULLISH_SQUEEZE_RISK,,,
20260805 114317,7656.61,7725.00,7654.74,ESPERAR,0,,ALINEADO,BULLISH_SQUEEZE_RISK,,,
20260805 114517,7656.61,7725.00,7654.74,ESPERAR,0,,ALINEADO,BULLISH_SQUEEZE_RISK,,,
20260805 114717,7656.61,7725.00,7654.74,ESPERAR,0,,ALINEADO,BULLISH_SQUEEZE_RISK,,,
20260805 114917,7656.61,7725.00,7654.74,ESPERAR,0,,ALINEADO,BULLISH_SQUEEZE_RISK,,,
20260805 115117,7656.61,7725.00,7654.74,ESPERAR,0,,ALINEADO,BULLISH_SQUEEZE_RISK,,,
20260805 115317,7656.61,7725.00,7654.74,ESPERAR,0,,ALINEADO,BULLISH_SQUEEZE_RISK,,,
20260805 115517,7656.61,7725.00,7654.74,ESPERAR,0,,ALINEADO,BULLISH_SQUEEZE_RISK,,,
20260805 115717,7656.61,7725.00,7654.74,ESPERAR,0,,ALINEADO,BULLISH_SQUEEZE_RISK,,,
20260805 115917,7656.61,7725.00,7654.74,ESPERAR,0,,ALINEADO,BULLISH_SQUEEZE_RISK,,,
20260805 120117,7656.61,7725.00,7654.74,ESPERAR,0,,ALINEADO,BULLISH_SQUEEZE_RISK,,,
20260805 120317,7656.61,7725.00,7654.74,ESPERAR,0,,ALINEADO,BULLISH_SQUEEZE_RISK,,,
20260805 120517,7656.61,7725.00,7654.74,ESPERAR,0,,ALINEADO,BULLISH_SQUEEZE_RISK,,,
20260805 120717,7656.61,7725.00,7654.74,ESPERAR,0,,ALINEADO,BULLISH_SQUEEZE_RISK,,,
20260805 120917,7656.61,7725.00,7654.74,ESPERAR,0,,ALINEADO,BULLISH_SQUEEZE_RISK,,,
20260805 121117,7656.61,7725.00,7654.74,ESPERAR,0,,ALINEADO,BULLISH_SQUEEZE_RISK,,,
20260805 121317,7656.61,7725.00,7654.74,ESPERAR,0,,ALINEADO,BULLISH_SQUEEZE_RISK,,,
20260805 121517,7656.61,7725.00,7654.74,ESPERAR,0,,ALINEADO,BULLISH_SQUEEZE_RISK,,,
20260805 121717,7656.61,7725.00,7654.74,ESPERAR,0,,ALINEADO,BULLISH_SQUEEZE_RISK,,,
20260805 121917,7656.61,7725.00,7654.74,ESPERAR,0,,ALINEADO,BULLISH_SQUEEZE_RISK,,,
20260805 122117,7656.61,7725.00,7654.74,ESPERAR,0,,ALINEADO,BULLISH_SQUEEZE_RISK,,,
20260805 122317,7656.61,7725.00,7654.74,ESPERAR,0,,ALINEADO,BULLISH_SQUEEZE_RISK,,,
20260805 122517,7656.61,7725.00,7654.74,ESPERAR,0,,ALINEADO,BULLISH_SQUEEZE_RISK,,,
20260805 122717,7656.61,7725.00,7654.74,ESPERAR,0,,ALINEADO,BULLISH_SQUEEZE_RISK,,,
20260805 122917,7656.61,7725.00,7654.74,ESPERAR,0,,ALINEADO,BULLISH_SQUEEZE_RISK,,,
20260805 123117,7656.61,7725.00,7654.74,ESPERAR,0,,ALINEADO,BULLISH_SQUEEZE_RISK,,,
20260805 123317,7656.61,7725.00,7654.74,ESPERAR,0,,ALINEADO,BULLISH_SQUEEZE_RISK,,,
20260805 123517,7656.61,7725.00,7654.74,ESPERAR,0,,ALINEADO,BULLISH_SQUEEZE_RISK,,,
20260805 123717,7656.61,7725.00,7654.74,ESPERAR,0,,ALINEADO,BULLISH_SQUEEZE_RISK,,,
20260805 123917,7656.61,7725.00,7654.74,ESPERAR,0,,ALINEADO,BULLISH_SQUEEZE_RISK,,,
20260805 124117,7656.61,7725.00,7654.74,ESPERAR,0,,ALINEADO,BULLISH_SQUEEZE_RISK,,,
20260805 124317,7656.61,7725.00,7654.74,ESPERAR,0,,ALINEADO,BULLISH_SQUEEZE_RISK,,,
20260805 124517,7656.61,7725.00,7654.74,ESPERAR,0,,ALINEADO,BULLISH_SQUEEZE_RISK,,,
20260805 124718,0.00,0.00,0.00,ESPERAR,0,,DIVERGENTE,BULLISH_SQUEEZE_RISK,,,
20260805 124918,0.00,0.00,0.00,ESPERAR,0,,DIVERGENTE,BULLISH_SQUEEZE_RISK,,,
20260805 125118,0.00,0.00,0.00,ESPERAR,0,,DIVERGENTE,BULLISH_SQUEEZE_RISK,,,
20260805 125318,0.00,0.00,0.00,ESPERAR,0,,DIVERGENTE,BULLISH_SQUEEZE_RISK,,,
20260805 125518,0.00,0.00,0.00,ESPERAR,0,,DIVERGENTE,BULLISH_SQUEEZE_RISK,,,
20260805 125718,0.00,0.00,0.00,ESPERAR,0,,DIVERGENTE,BULLISH_SQUEEZE_RISK,,,
20260805 125918,0.00,0.00,0.00,ESPERAR,0,,DIVERGENTE,BULLISH_SQUEEZE_RISK,,,
20260805 130118,0.00,0.00,0.00,ESPERAR,0,,DIVERGENTE,BULLISH_SQUEEZE_RISK,,,
20260805 130318,0.00,0.00,0.00,ESPERAR,0,,DIVERGENTE,BULLISH_SQUEEZE_RISK,,,
20260805 130518,0.00,0.00,0.00,ESPERAR,0,,DIVERGENTE,BULLISH_SQUEEZE_RISK,,,
20260805 130718,0.00,0.00,0.00,ESPERAR,0,,DIVERGENTE,BULLISH_SQUEEZE_RISK,,,
20260805 130918,0.00,0.00,0.00,ESPERAR,0,,DIVERGENTE,BULLISH_SQUEEZE_RISK,,,
20260805 131118,0.00,0.00,0.00,ESPERAR,0,,DIVERGENTE,BULLISH_SQUEEZE_RISK,,,
20260805 131318,0.00,0.00,0.00,ESPERAR,0,,DIVERGENTE,BULLISH_SQUEEZE_RISK,,,
20260805 131518,0.00,0.00,0.00,ESPERAR,0,,DIVERGENTE,BULLISH_SQUEEZE_RISK,,,
20260805 131718,0.00,0.00,0.00,ESPERAR,0,,DIVERGENTE,BULLISH_SQUEEZE_RISK,,,
20260805 131918,0.00,0.00,0.00,ESPERAR,0,,DIVERGENTE,BULLISH_SQUEEZE_RISK,,,
20260805 132118,0.00,0.00,0.00,ESPERAR,0,,DIVERGENTE,BULLISH_SQUEEZE_RISK,,,
20260805 132318,0.00,0.00,0.00,ESPERAR,0,,DIVERGENTE,BULLISH_SQUEEZE_RISK,,,
20260805 132518,0.00,0.00,0.00,ESPERAR,0,,DIVERGENTE,BULLISH_SQUEEZE_RISK,,,
20260805 132718,0.00,0.00,0.00,ESPERAR,0,,DIVERGENTE,BULLISH_SQUEEZE_RISK,,,
20260805 132918,0.00,0.00,0.00,ESPERAR,0,,DIVERGENTE,BULLISH_SQUEEZE_RISK,,,
20260805 133118,0.00,0.00,0.00,ESPERAR,0,,DIVERGENTE,BULLISH_SQUEEZE_RISK,,,
20260805 133318,7775.51,7800.00,7740.00,ESPERAR,0,,DIVERGENTE,BEARISH_SQUEEZE_RISK,,,
20260805 133518,7780.51,7800.00,7740.00,ESPERAR,0,,ALINEADO,BEARISH_SQUEEZE_RISK,,,
20260805 133718,7782.05,7850.00,7740.00,ESPERAR,0,,ALINEADO,BEARISH_SQUEEZE_RISK,,,
20260805 133918,7782.50,7850.00,7750.00,ESPERAR,0,,DIVERGENTE,BEARISH_SQUEEZE_RISK,,,
20260805 134118,7782.95,7850.00,7750.00,ESPERAR,0,,ALINEADO,BEARISH_SQUEEZE_RISK,,,
20260805 134318,7783.39,7850.00,7750.00,ESPERAR,0,,ALINEADO,BEARISH_SQUEEZE_RISK,,,
20260805 134518,7782.95,7850.00,7750.00,ESPERAR,0,,ALINEADO,BEARISH_SQUEEZE_RISK,,,
20260805 134718,7782.95,7850.00,7750.00,ESPERAR,0,,ALINEADO,BEARISH_SQUEEZE_RISK,,,
20260805 134918,7782.95,7800.00,7750.00,ESPERAR,0,,ALINEADO,BEARISH_SQUEEZE_RISK,,,
20260805 135118,7782.50,7800.00,7750.00,ESPERAR,0,,ALINEADO,BEARISH_SQUEEZE_RISK,,,
20260805 135318,7783.80,7800.00,7750.00,ESPERAR,0,,ALINEADO,BEARISH_SQUEEZE_RISK,,,
20260805 135518,7782.95,7800.00,7750.00,ESPERAR,0,,DIVERGENTE,BEARISH_SQUEEZE_RISK,,,
20260805 135718,7782.95,7800.00,7750.00,ESPERAR,0,,ALINEADO,BEARISH_SQUEEZE_RISK,,,
20260805 135918,7782.95,7800.00,7750.00,ESPERAR,0,,ALINEADO,BEARISH_SQUEEZE_RISK,,,
20260805 140118,7781.20,7800.00,7750.00,ESPERAR,0,,ALINEADO,BEARISH_SQUEEZE_RISK,,,
20260805 140318,7782.95,7800.00,7750.00,ESPERAR,0,,DIVERGENTE,BEARISH_SQUEEZE_RISK,,,
20260805 140518,7782.50,7800.00,7750.00,ESPERAR,0,,ALINEADO,BEARISH_SQUEEZE_RISK,,,
20260805 140718,7782.05,7800.00,7750.00,ESPERAR,0,,ALINEADO,BEARISH_SQUEEZE_RISK,,,
20260805 140918,7782.05,7800.00,7750.00,ESPERAR,0,,ALINEADO,BEARISH_SQUEEZE_RISK,,,
20260805 141118,7782.05,7800.00,7750.00,ESPERAR,0,,ALINEADO,BEARISH_SQUEEZE_RISK,,,
20260805 141318,7782.50,7800.00,7750.00,ESPERAR,0,,ALINEADO,BEARISH_SQUEEZE_RISK,,,
20260805 141518,7783.39,7800.00,7750.00,ESPERAR,0,,ALINEADO,BEARISH_SQUEEZE_RISK,,,
20260805 141718,7782.95,7800.00,7750.00,ESPERAR,0,,ALINEADO,BEARISH_SQUEEZE_RISK,,,
20260805 141918,7782.95,7800.00,7750.00,ESPERAR,0,,ALINEADO,BEARISH_SQUEEZE_RISK,,,
20260805 142118,7782.50,7800.00,7750.00,ESPERAR,0,,ALINEADO,BEARISH_SQUEEZE_RISK,,,
20260805 142318,7782.95,7800.00,7750.00,ESPERAR,0,,ALINEADO,BEARISH_SQUEEZE_RISK,,,
20260805 142518,7782.50,7800.00,7750.00,ESPERAR,0,,DIVERGENTE,BEARISH_SQUEEZE_RISK,,,
20260805 142718,7782.50,7800.00,7750.00,ESPERAR,0,,ALINEADO,BEARISH_SQUEEZE_RISK,,,
20260805 142918,7782.50,7800.00,7750.00,ESPERAR,0,,ALINEADO,BEARISH_SQUEEZE_RISK,,,
20260805 143118,7782.05,7800.00,7750.00,ESPERAR,0,,ALINEADO,BEARISH_SQUEEZE_RISK,,,
20260805 143318,7782.05,7800.00,7750.00,ESPERAR,0,,ALINEADO,BEARISH_SQUEEZE_RISK,,,
20260805 143518,7782.05,7800.00,7750.00,ESPERAR,0,,ALINEADO,BEARISH_SQUEEZE_RISK,,,
20260805 143718,7781.61,7800.00,7750.00,ESPERAR,0,,ALINEADO,BEARISH_SQUEEZE_RISK,,,
20260805 143918,7782.05,7800.00,7750.00,ESPERAR,0,,ALINEADO,BEARISH_SQUEEZE_RISK,,,
20260805 144118,7781.61,7800.00,7750.00,ESPERAR,0,,ALINEADO,BEARISH_SQUEEZE_RISK,,,
20260805 144318,7781.20,7800.00,7750.00,ESPERAR,0,,ALINEADO,BEARISH_SQUEEZE_RISK,,,
20260805 144518,7781.20,7800.00,7750.00,ESPERAR,0,,ALINEADO,BEARISH_SQUEEZE_RISK,,,
20260805 144718,7780.83,7800.00,7750.00,ESPERAR,0,,ALINEADO,BEARISH_SQUEEZE_RISK,,,
20260805 144918,7780.51,7800.00,7750.00,ESPERAR,0,,ALINEADO,BEARISH_SQUEEZE_RISK,,,
20260805 145118,7781.20,7800.00,7750.00,ESPERAR,0,,ALINEADO,BEARISH_SQUEEZE_RISK,,,
20260805 145318,7780.08,7800.00,7750.00,ESPERAR,0,,ALINEADO,BEARISH_SQUEEZE_RISK,,,
20260805 145518,7780.26,7800.00,7750.00,ESPERAR,0,,ALINEADO,BULLISH_SQUEEZE_RISK,,,
20260805 145718,7780.08,7800.00,7750.00,ESPERAR,0,,ALINEADO,BEARISH_SQUEEZE_RISK,,,
20260805 145918,7779.49,7800.00,7750.00,ESPERAR,0,,ALINEADO,BEARISH_SQUEEZE_RISK,,,
20260805 150118,7779.49,7800.00,7750.00,ESPERAR,0,,ALINEADO,BULLISH_SQUEEZE_RISK,,,
20260805 150318,7779.17,7800.00,7750.00,ESPERAR,0,,ALINEADO,BEARISH_SQUEEZE_RISK,,,
20260805 150518,7778.80,7800.00,7750.00,ESPERAR,0,,ALINEADO,BEARISH_SQUEEZE_RISK,,,
20260805 150718,7778.39,7800.00,7750.00,ESPERAR,0,,ALINEADO,BEARISH_SQUEEZE_RISK,,,
20260805 150918,7777.95,7800.00,7750.00,ESPERAR,0,,DIVERGENTE,BEARISH_SQUEEZE_RISK,,,
20260805 151118,7777.50,7800.00,7750.00,ESPERAR,0,,DIVERGENTE,BEARISH_SQUEEZE_RISK,,,
20260805 151318,7777.50,7800.00,7750.00,ESPERAR,0,,ALINEADO,BEARISH_SQUEEZE_RISK,,,
20260805 151518,7777.95,7800.00,7750.00,ESPERAR,0,,ALINEADO,BEARISH_SQUEEZE_RISK,,,
20260805 151719,7777.05,7800.00,7750.00,ESPERAR,0,,ALINEADO,BEARISH_SQUEEZE_RISK,,,
20260805 151919,7777.50,7800.00,7750.00,ESPERAR,0,,ALINEADO,BEARISH_SQUEEZE_RISK,,,
20260805 152119,7777.05,7800.00,7750.00,ESPERAR,0,,ALINEADO,BEARISH_SQUEEZE_RISK,,,
20260805 152319,7776.20,7800.00,7750.00,ESPERAR,0,,ALINEADO,BEARISH_SQUEEZE_RISK,,,
20260805 152519,7776.20,7800.00,7750.00,ESPERAR,0,,ALINEADO,BEARISH_SQUEEZE_RISK,,,
20260805 152719,7776.20,7800.00,7750.00,ESPERAR,0,,ALINEADO,BULLISH_SQUEEZE_RISK,,,
20260805 152919,7776.20,7800.00,7750.00,ESPERAR,0,,ALINEADO,BEARISH_SQUEEZE_RISK,,,
20260805 153119,7775.51,7800.00,7750.00,ESPERAR,0,,ALINEADO,BEARISH_SQUEEZE_RISK,,,
20260805 153319,7775.51,7800.00,7750.00,ESPERAR,0,,ALINEADO,BEARISH_SQUEEZE_RISK,,,
20260805 153519,7775.83,7800.00,7750.00,ESPERAR,0,,ALINEADO,BEARISH_SQUEEZE_RISK,,,
20260805 153719,7775.51,7800.00,7750.00,ESPERAR,0,,ALINEADO,BEARISH_SQUEEZE_RISK,,,
20260805 153919,7775.00,7800.00,7740.00,ESPERAR,0,,ALINEADO,BEARISH_SQUEEZE_RISK,,,
20260805 154119,7774.49,7800.00,7740.00,ESPERAR,0,,ALINEADO,BEARISH_SQUEEZE_RISK,,,
20260805 154319,7774.17,7800.00,7740.00,ESPERAR,0,,ALINEADO,BEARISH_SQUEEZE_RISK,,,
20260805 154519,7774.74,7800.00,7740.00,ESPERAR,0,,ALINEADO,BEARISH_SQUEEZE_RISK,,,
20260805 154719,7774.49,7800.00,7740.00,ESPERAR,0,,ALINEADO,BULLISH_SQUEEZE_RISK,,,
20260805 154919,7774.17,7800.00,7740.00,ESPERAR,0,,ALINEADO,BULLISH_SQUEEZE_RISK,,,
20260805 155119,7773.80,7800.00,7740.00,ESPERAR,0,,ALINEADO,BULLISH_SQUEEZE_RISK,,,
20260805 155319,7772.95,7800.00,7740.00,ESPERAR,0,,ALINEADO,BULLISH_SQUEEZE_RISK,,,
20260805 155519,7772.95,7800.00,7740.00,ESPERAR,0,,ALINEADO,BULLISH_SQUEEZE_RISK,,,
20260805 155719,7772.50,7800.00,7740.00,ESPERAR,0,,ALINEADO,BULLISH_SQUEEZE_RISK,,,
20260805 155919,7769.17,7800.00,7700.00,ESPERAR,0,,ALINEADO,BULLISH_SQUEEZE_RISK,,,
20260805 160119,7772.50,7800.00,7700.00,ESPERAR,0,,ALINEADO,BULLISH_SQUEEZE_RISK,,,
20260805 160319,7771.61,7800.00,7700.00,ESPERAR,0,,ALINEADO,BULLISH_SQUEEZE_RISK,,,
20260805 160519,7770.26,7800.00,7700.00,ESPERAR,0,,ALINEADO,BULLISH_SQUEEZE_RISK,,,
20260805 160719,7770.83,7800.00,7700.00,ESPERAR,0,,ALINEADO,BULLISH_SQUEEZE_RISK,,,
20260805 160919,7770.26,7800.00,7700.00,ESPERAR,0,,ALINEADO,BULLISH_SQUEEZE_RISK,,,
20260805 161119,7767.05,7780.00,7700.00,ESPERAR,0,,ALINEADO,BULLISH_SQUEEZE_RISK,,,
20260805 161319,7767.05,7800.00,7700.00,ESPERAR,0,,ALINEADO,BULLISH_SQUEEZE_RISK,,,
20260805 161519,7767.05,7800.00,7700.00,ESPERAR,0,,ALINEADO,BULLISH_SQUEEZE_RISK,,,
20260805 161719,7767.50,7800.00,7700.00,ESPERAR,0,,ALINEADO,BULLISH_SQUEEZE_RISK,,,
20260805 161919,7768.80,7800.00,7700.00,ESPERAR,0,,ALINEADO,BULLISH_SQUEEZE_RISK,,,
20260805 162119,7767.95,7800.00,7700.00,ESPERAR,0,,ALINEADO,BULLISH_SQUEEZE_RISK,,,
20260805 162319,7767.95,7800.00,7720.00,ESPERAR,0,,ALINEADO,BULLISH_SQUEEZE_RISK,,,
20260805 162519,7767.95,7790.00,7700.00,ESPERAR,0,,ALINEADO,BULLISH_SQUEEZE_RISK,,,
20260805 162719,7767.05,7800.00,7700.00,ESPERAR,0,,ALINEADO,BULLISH_SQUEEZE_RISK,,,
20260805 162919,7759.17,7800.00,7700.00,ESPERAR,0,,ALINEADO,BULLISH_SQUEEZE_RISK,,,
20260805 163119,7761.20,7800.00,7730.00,ESPERAR,0,,ALINEADO,BEARISH_SQUEEZE_RISK,,,
20260805 163319,7765.83,7800.00,7700.00,ESPERAR,0,,ALINEADO,BEARISH_SQUEEZE_RISK,,,
20260805 163519,7765.26,7800.00,7700.00,ESPERAR,0,,ALINEADO,BULLISH_SQUEEZE_RISK,,,
20260805 163719,7757.95,7800.00,7700.00,ESPERAR,0,,ALINEADO,BEARISH_SQUEEZE_RISK,,,
20260805 163919,7764.49,7800.00,7700.00,ESPERAR,0,,ALINEADO,BULLISH_SQUEEZE_RISK,,,
20260805 164119,7764.74,7800.00,7700.00,ESPERAR,0,,ALINEADO,BULLISH_SQUEEZE_RISK,,,
20260805 164319,7757.95,7800.00,7720.00,ESPERAR,0,,ALINEADO,BEARISH_SQUEEZE_RISK,,,
20260805 164519,7764.74,7800.00,7730.00,ESPERAR,0,,ALINEADO,BULLISH_SQUEEZE_RISK,,,
20260805 164719,7757.95,7800.00,7730.00,ESPERAR,0,,ALINEADO,BULLISH_SQUEEZE_RISK,,,
20260805 164919,7757.50,7800.00,7730.00,ESPERAR,0,,ALINEADO,BULLISH_SQUEEZE_RISK,,,
20260805 165119,7757.50,7800.00,7730.00,ESPERAR,0,,ALINEADO,BULLISH_SQUEEZE_RISK,,,
20260805 165319,7757.50,7800.00,7730.00,ESPERAR,0,,ALINEADO,BULLISH_SQUEEZE_RISK,,,
20260805 165519,7757.50,7800.00,7730.00,ESPERAR,0,,ALINEADO,BULLISH_SQUEEZE_RISK,,,
20260805 165719,7757.05,7800.00,7730.00,ESPERAR,0,,ALINEADO,BULLISH_SQUEEZE_RISK,,,
20260805 165919,7756.61,7800.00,7730.00,ESPERAR,0,,DIVERGENTE,BULLISH_SQUEEZE_RISK,,,
20260805 170119,7757.05,7800.00,7730.00,ESPERAR,0,,ALINEADO,BULLISH_SQUEEZE_RISK,,,
20260805 170319,7757.05,7800.00,7730.00,ESPERAR,0,,DIVERGENTE,BULLISH_SQUEEZE_RISK,,,
20260805 170519,7757.05,7780.00,7730.00,ESPERAR,0,,ALINEADO,BULLISH_SQUEEZE_RISK,,,
20260805 170719,7756.61,7800.00,7730.00,ESPERAR,0,,ALINEADO,BULLISH_SQUEEZE_RISK,,,
20260805 170919,7756.61,7780.00,7730.00,ESPERAR,0,,ALINEADO,BULLISH_SQUEEZE_RISK,,,
20260805 171120,7756.20,7780.00,7730.00,ESPERAR,0,,ALINEADO,BULLISH_SQUEEZE_RISK,,,
20260805 171319,7756.20,7780.00,7730.00,ESPERAR,0,,ALINEADO,BULLISH_SQUEEZE_RISK,,,
20260805 171520,7750.26,7760.00,7730.00,ESPERAR,0,,ALINEADO,BULLISH_SQUEEZE_RISK,,,
20260805 171719,7756.20,7780.00,7730.00,ESPERAR,0,,ALINEADO,BULLISH_SQUEEZE_RISK,,,
20260805 171919,7756.20,7760.00,7730.00,ESPERAR,0,,ALINEADO,BULLISH_SQUEEZE_RISK,,,
20260805 172119,7756.20,7760.00,7730.00,ESPERAR,0,,ALINEADO,BULLISH_SQUEEZE_RISK,,,
20260805 172319,7755.83,7760.00,7730.00,ESPERAR,0,,ALINEADO,BULLISH_SQUEEZE_RISK,,,
20260805 172519,7750.83,7760.00,7730.00,ESPERAR,0,,ALINEADO,BULLISH_SQUEEZE_RISK,,,
20260805 172719,7755.83,7770.00,7730.00,ESPERAR,0,,ALINEADO,BULLISH_SQUEEZE_RISK,,,
